"","Squad","Player","Age","Gls","Ast","PK","CrdY","CrdR","xG_Expected","xA_Expected","single_pos","Min_percent_Playing_Time","Subs_Subs","unSub_Subs","Plus_Minus_Team_Success","On_minus_Off_Team_Success_xG","Sh_Standard","SoT_percent_Standard","npxG_per_Sh_Expected","Att_Total","Cmp_percent_Total","PrgDist_Total","KP","PPA","CrsPA","Prog","Tkl_Tackles","Tkl_percent_Vs_Dribbles","Press_Pressures","_percent_Pressures","Blocks_Blocks","Int","Clr","Err","GA","SoTA","Save_percent","CS","player_height_mtrs","player_market_value_euro","forward","defender","midfield","keeper"
"1","Milan","Mike Maignan","26",0,1,0,1,0,0,0.4,"GK",84.2,0,0,34,0.95,0,0,0,1150,79.1,16472,2,1,0,1,0,0,2,50,0,0,0,1,21,101,81.2,17,"1.91",3.5e+07,0,0,0,1
"2","Milan","Rafael Leão","22",11,10,0,4,0,9.1,6.3,"FW",76.2,3,1,34,0.43,97,39.2,0.09,805,71.9,3224,45,51,9,119,23,38.1,267,29.2,21,22,5,0,0,0,0,0,"1.88",7e+07,1,0,0,0
"3","Milan","Sandro Tonali","21",5,2,0,9,0,4.3,4,"MF",76,5,1,36,0.35,38,28.9,0.11,1481,81.6,6797,44,26,7,104,50,44.4,576,31.9,39,57,19,1,0,0,0,0,"1.81",5e+07,0,0,1,0
"4","Milan","Fikayo Tomori","23",0,0,0,4,0,2.2,0.1,"DF",79.5,1,1,36,-0.15,11,18.2,0.2,1696,88.7,9961,3,0,0,72,73,58.6,413,35.1,60,76,101,0,0,0,0,0,"1.85",5e+07,0,1,0,0
"5","Milan","Theo Hernández","23",5,5,1,7,2,3.9,6.4,"DF",79.3,2,0,36,0.81,40,32.5,0.07,1748,81.2,9249,50,36,15,123,62,57.1,385,32.7,38,55,34,2,0,0,0,0,"1.84",5.5e+07,0,1,0,0
"6","Milan","Franck Kessié","24",6,0,2,2,0,4.4,1.5,"MF",67.5,6,0,22,-0.41,32,25,0.07,1329,87.4,5060,25,18,4,103,52,60,424,32.8,45,48,26,0,0,0,0,0,"1.83",4.5e+07,0,0,1,0
"7","Milan","Brahim Díaz","21",3,3,0,4,0,4.7,2.5,"MF",54.2,6,4,19,0.33,30,20,0.16,730,84.4,2248,31,29,3,67,34,35,369,28.5,8,12,6,0,0,0,0,0,"1.71",1.8e+07,0,0,1,0
"8","Milan","Davide Calabria","24",2,2,0,2,0,3.2,1.4,"DF",62,2,1,23,0.03,36,22.2,0.09,1267,76.2,7859,19,26,13,115,76,46.7,395,31.9,46,41,35,0,0,0,0,0,"1.76",2.5e+07,0,1,0,0
"9","Milan","Olivier Giroud","34",11,3,2,4,0,10.3,2,"FW",55.3,7,1,21,-0.09,61,37.7,0.14,486,69.3,655,21,11,1,23,17,18.2,378,25.1,19,4,20,0,0,0,0,0,"1.93",3500000,1,0,0,0
"10","Milan","Alexis Saelemaekers","22",1,3,0,2,0,3.3,3.6,"FW",54.5,14,2,16,0.3,39,30.8,0.09,867,79.1,2486,36,26,9,67,41,33.3,414,25.4,24,28,8,0,0,0,0,0,"1.8",1.7e+07,1,0,0,0
"11","Milan","Pierre Kalulu","21",1,2,0,4,0,0.4,0.5,"DF",56.8,7,10,26,0.47,5,40,0.08,1155,88,6732,6,11,6,58,64,76.9,361,34.6,45,51,52,0,0,0,0,0,"1.79",2.8e+07,0,1,0,0
"12","Milan","Alessio Romagnoli","26",1,0,0,4,1,0.7,0.1,"DF",41.2,3,10,9,-0.45,12,41.7,0.06,980,89.5,5644,3,2,0,60,25,66.7,147,34.7,26,28,50,0,0,0,0,0,"1.85",1.7e+07,0,1,0,0
"13","Milan","Ismaël Bennacer","23",2,1,0,7,0,0.8,2,"MF",44.6,16,0,15,-0.34,16,37.5,0.05,1097,86.9,5170,20,21,4,114,52,38.8,410,32.4,20,42,17,0,0,0,0,0,"1.75",3.3e+07,0,0,1,0
"14","Milan","Junior Messias","30",5,2,0,2,0,3.6,2,"FW",41.8,12,1,17,-0.16,44,38.6,0.08,547,67.5,1759,18,19,6,47,34,37.9,276,27.9,20,33,12,0,0,0,0,0,"1.74",6e+06,1,0,0,0
"15","Milan","Alessandro Florenzi","30",2,0,0,2,0,0.7,1.2,"DF",33.7,12,4,13,0.18,22,27.3,0.03,805,80.7,4513,12,28,8,63,28,29,188,30.3,16,33,15,2,0,0,0,0,"1.73",5500000,0,1,0,0
"16","Milan","Matteo Gabbia","21",0,0,0,3,0,0.1,0.1,"DF",15.7,2,28,6,0.56,1,0,0.11,418,88,2411,1,1,0,19,5,0,58,46.6,2,14,14,0,0,0,0,0,"1.85",6e+06,0,1,0,0
"17","Milan","Tiemoué Bakayoko","26",0,0,0,3,0,0.3,0.5,"MF",14.6,9,15,3,0.2,4,0,0.07,312,88.5,933,3,3,0,18,19,27.8,141,31.9,10,11,8,1,0,0,0,0,"1.89",1e+07,0,0,1,0
"18","Milan","Fodé Ballo-Touré","24",0,0,0,2,0,0.5,0.2,"DF",13,5,22,-1,-1.3,3,33.3,0.18,273,84.6,1087,4,8,4,18,19,37.5,93,33.3,12,4,4,0,0,0,0,0,"1.82",3500000,0,1,0,0
"19","Milan","Daniel Maldini","19",1,0,0,1,0,0.2,0.1,"MF",4.3,6,22,0,-1.21,3,33.3,0.08,50,66,109,1,1,0,4,5,25,36,30.6,6,1,0,0,0,0,0,0,"1.81",2e+06,0,0,1,0
"20","Milan","Pietro Pellegri","20",0,0,0,0,0,0.2,0.4,"FW",3.8,5,6,3,0.51,3,33.3,0.07,19,63.2,11,3,0,0,0,3,0,42,31,0,2,1,0,0,0,0,0,"1.88",4500000,1,0,0,0
"21","Milan","Samu Castillejo","26",0,0,0,1,0,0.1,0.2,"FW",3.7,4,17,6,-0.03,2,0,0.05,68,82.4,235,2,4,3,4,2,0,30,36.7,4,2,1,0,0,0,0,0,"1.82",4e+06,1,0,0,0
"22","Milan","Andrea Conti","27",0,0,0,0,0,0,0,"DF",0.4,1,13,1,6.47,0,0,0,5,80,6,0,0,0,0,0,0,1,100,0,0,1,0,0,0,0,0,"1.84",2500000,0,1,0,0
"23","Milan","Luca Stanga","19",0,0,0,0,0,0,0,"DF",0.1,1,3,0,-0.13,0,0,0,2,100,1,0,0,0,0,1,0,4,0,0,0,0,0,0,0,0,0,"1.85",150000,0,1,0,0
"24","Internazionale","Nicolò Barella","24",3,11,0,9,0,5.2,7.9,"MF",85.2,0,1,45,-0.4,68,17.6,0.08,1848,83.5,8479,60,80,18,190,66,43.8,421,29,31,34,13,1,0,0,0,0,"1.72",7e+07,0,0,1,0
"25","Internazionale","Alessandro Bastoni","22",1,2,0,4,0,0.5,1.4,"DF",67.6,2,1,39,-0.6,9,22.2,0.06,1798,89,9679,11,17,4,104,50,57.7,293,39.6,40,38,71,2,0,0,0,0,"1.9",6e+07,0,1,0,0
"26","Internazionale","Stefan de Vrij","29",0,0,0,3,0,2.5,0,"DF",70.5,2,2,37,0.14,19,15.8,0.13,1528,93.1,7503,0,4,0,47,42,53.8,206,40.3,20,44,94,1,0,0,0,0,"1.89",2.8e+07,0,1,0,0
"27","Internazionale","Lautaro Martínez","23",21,3,3,6,0,19.6,3.5,"FW",66.7,7,1,35,0.43,111,42.3,0.14,532,74.8,1260,29,22,4,39,25,40,379,27.4,25,22,7,0,0,0,0,0,"1.74",7.5e+07,1,0,0,0
"28","Internazionale","Denzel Dumfries","25",5,4,0,3,0,5.8,3.9,"DF",59.3,12,5,40,0.44,39,43.6,0.15,864,74.9,3592,27,27,9,81,40,41.9,292,32.2,29,26,27,0,0,0,0,0,"1.88",2.5e+07,0,1,0,0
"29","Internazionale","Matteo Darmian","31",2,1,0,4,0,0.9,2.2,"DF",44.1,7,9,13,-0.61,8,50,0.11,701,80.3,4010,21,23,10,61,30,39.4,207,30.9,24,20,19,0,0,0,0,0,"1.83",5e+06,0,1,0,0
"30","Internazionale","Federico Dimarco","23",2,3,0,1,0,3.5,5.2,"DF",41.8,19,6,23,0.48,38,44.7,0.07,1212,82.2,6795,50,29,16,85,22,43.5,183,27.9,19,27,13,0,0,0,0,0,"1.75",1.8e+07,0,1,0,0
"31","Internazionale","Joaquín Correa","26",6,1,0,2,0,4.8,2,"FW",30,14,0,18,0.29,35,45.7,0.14,343,83.4,899,18,17,1,38,13,20,220,24.5,8,8,3,0,0,0,0,0,"1.88",2.3e+07,1,0,0,0
"32","Internazionale","Danilo D'Ambrosio","32",1,1,0,2,0,1.9,0.1,"DF",29.2,11,18,17,0.11,14,21.4,0.14,737,88.7,3739,2,3,0,28,29,40,114,39.5,27,10,24,1,0,0,0,0,"1.8",3e+06,0,1,0,0
"33","Internazionale","Alexis Sánchez","32",5,2,0,0,0,5.3,1.7,"FW",25.8,20,6,8,0.18,33,39.4,0.16,457,77.7,1723,19,30,4,62,12,30,164,33.5,2,7,1,0,0,0,0,0,"1.68",3500000,1,0,0,0
"34","Internazionale","Roberto Gagliardini","27",2,2,0,2,0,1,1.9,"MF",19,12,17,4,-0.07,8,50,0.12,349,85.1,1202,7,4,0,25,9,9.1,167,30.5,15,13,6,0,0,0,0,0,"1.88",8e+06,0,0,1,0
"35","Internazionale","Andrea Ranocchia","33",0,0,0,1,0,0.2,0,"DF",10,3,30,5,0.07,2,50,0.09,186,95.2,1381,0,1,0,6,8,33.3,48,41.7,4,6,20,0,0,0,0,0,"1.95",8e+05,0,1,0,0
"36","Internazionale","Arturo Vidal","34",1,1,0,3,0,1.8,2.3,"MF",21.7,26,2,11,0.23,18,50,0.1,583,88,2266,14,16,2,51,35,38.5,175,28.6,14,9,9,0,0,0,0,0,"1.8",2e+06,0,0,1,0
"37","Internazionale","Matías Vecino","29",1,0,0,2,0,1.3,0.8,"MF",11,15,18,8,1.36,7,28.6,0.19,210,77.6,961,4,9,1,31,8,0,83,21.7,12,4,8,0,0,0,0,0,"1.87",3500000,0,0,1,0
"38","Internazionale","Stefano Sensi","25",0,0,0,0,0,0.3,0.3,"MF",4.9,8,8,3,-0.8,3,0,0.11,124,85.5,310,4,1,1,5,4,50,28,21.4,2,1,0,0,0,0,0,0,"1.68",7e+06,0,0,1,0
"39","Internazionale","Robin Gosens","27",0,1,0,1,0,0.3,0.4,"DF",4.9,7,4,2,0.7,4,25,0.08,112,80.4,492,2,3,2,9,3,33.3,27,33.3,5,2,3,0,0,0,0,0,"1.83",2.8e+07,0,1,0,0
"40","Internazionale","Aleksandar Kolarov","35",0,0,0,0,0,0,0,"DF",1.2,3,20,0,1.06,1,0,0.02,37,81.1,235,0,1,0,3,1,100,1,0,0,1,1,0,0,0,0,0,"1.87",5e+05,0,1,0,0
"41","Internazionale","Felipe Caicedo","32",0,0,0,0,0,0,0.2,"FW",0.7,3,10,0,-3.18,0,0,0,8,37.5,6,1,1,0,1,0,0,6,50,1,0,0,0,0,0,0,0,"1.83",1500000,1,0,0,0
"42","Internazionale","Mattia Zanotti","18",0,0,0,0,0,0,0.1,"DF",0.3,1,3,0,-0.07,0,0,0,13,100,37,1,0,0,1,0,0,4,0,0,0,0,0,0,0,0,0,"1.77",350000,0,1,0,0
"43","Napoli","Mário Rui","30",0,5,0,7,0,1.7,3.3,"DF",87.5,0,1,38,0.67,32,31.3,0.05,2455,84.4,12199,40,39,8,134,78,51.9,381,34.9,48,49,45,0,0,0,0,0,"1.68",8e+06,0,1,0,0
"44","Napoli","Amir Rrahmani","27",4,0,0,5,0,3.7,0.2,"DF",85.6,0,4,32,0.13,22,40.9,0.17,1999,91.3,11632,5,3,0,74,35,85,238,37.4,50,36,93,1,0,0,0,0,"1.92",2.5e+07,0,1,0,0
"45","Napoli","Giovanni Di Lorenzo","27",1,4,0,3,0,1.2,2.7,"DF",83.9,0,1,41,1.11,20,25,0.06,2309,88,12444,32,44,10,159,69,53.2,381,35.7,49,46,36,0,0,0,0,0,"1.83",2.5e+07,0,1,0,0
"46","Napoli","David Ospina","32",0,0,0,1,0,0,0,"GK",81.6,0,5,33,-0.24,0,0,0,996,81.4,12528,0,0,0,1,0,0,0,0,0,0,0,0,25,104,76.9,13,"1.83",5e+06,0,0,0,1
"47","Napoli","Lorenzo Insigne","30",11,8,9,2,0,15.1,5.7,"FW",67,4,1,29,0.13,81,29.6,0.06,1506,79.7,5654,64,53,7,126,25,18,361,29.6,33,40,0,0,0,0,0,0,"1.63",2.5e+07,1,0,0,0
"48","Napoli","Kalidou Koulibaly","30",3,1,0,5,1,1.7,0.5,"DF",70.3,0,0,39,-0.09,11,63.6,0.16,1630,87.4,10750,8,6,0,89,60,55.8,249,41.8,51,40,83,0,0,0,0,0,"1.86",3.5e+07,0,1,0,0
"49","Napoli","Victor Osimhen","22",14,2,0,5,1,11.5,1.8,"FW",58,4,0,26,0.01,91,30.8,0.13,349,70.8,429,16,3,1,9,15,25,308,24,17,9,17,0,0,0,0,0,"1.86",6.5e+07,1,0,0,0
"50","Napoli","Matteo Politano","27",3,4,0,3,0,2.7,4,"FW",48.2,13,2,9,-0.13,42,26.2,0.06,772,71.2,2936,36,27,8,65,25,23.9,309,29.8,20,16,7,0,0,0,0,0,"1.71",2e+07,1,0,0,0
"51","Napoli","Hirving Lozano","26",5,5,0,3,0,6.1,2.7,"FW",47.2,10,1,30,0.35,51,37.3,0.12,597,78.4,1761,30,34,15,56,30,36.4,322,25.5,27,14,6,0,0,0,0,0,"1.75",3e+07,1,0,0,0
"52","Napoli","Stanislav Lobotka","26",1,0,0,2,0,0.1,0.6,"MF",49.3,4,6,21,0.21,2,50,0.03,1444,93.1,5098,15,6,0,80,40,27,331,39,17,28,12,0,0,0,0,0,"1.7",2e+07,0,0,1,0
"53","Napoli","Dries Mertens","34",11,1,1,2,0,4.6,2.4,"FW",40.5,14,3,25,-0.07,44,43.2,0.09,553,74.9,1663,32,18,3,52,13,12.5,309,31.1,6,7,2,0,0,0,0,0,"1.69",4e+06,1,0,0,0
"54","Napoli","Juan Jesus","30",1,0,0,1,0,0.6,0.2,"DF",37.4,7,17,7,-0.39,4,25,0.14,842,89.4,4538,4,2,0,27,29,56.3,155,42.6,29,18,37,0,0,0,0,0,"1.85",4e+06,0,1,0,0
"55","Napoli","Diego Demme","29",1,0,0,4,0,0.3,0.3,"MF",20.2,12,13,3,-0.83,2,50,0.14,600,90.2,2211,3,6,2,29,19,42.3,221,24.9,14,12,4,0,0,0,0,0,"1.7",8e+06,0,0,1,0
"56","Napoli","Alex Meret","24",0,0,0,0,0,0,0,"GK",18.1,0,25,10,0.37,0,0,0,193,89.1,2274,0,0,0,0,0,0,1,0,0,0,0,1,6,29,79.3,3,"1.9",1e+07,0,0,0,1
"57","Napoli","Alessandro Zanoli","20",0,0,0,2,0,0,0.2,"DF",13.4,7,21,5,-0.89,0,0,0,285,79.6,1422,2,4,2,13,9,33.3,74,23,5,11,11,0,0,0,0,0,"1.88",4e+06,0,1,0,0
"58","Napoli","Andrea Petagna","26",3,1,0,1,0,1.6,1.4,"FW",17.1,20,11,5,0.04,13,46.2,0.12,160,73.1,226,10,3,0,6,4,66.7,86,37.2,1,0,3,0,0,0,0,0,"1.9",1.2e+07,1,0,0,0
"59","Napoli","Faouzi Ghoulam","30",0,0,0,1,0,0.1,0.4,"DF",9.7,11,15,5,-0.67,3,33.3,0.05,282,83.3,1248,7,5,3,17,2,0,27,25.9,4,2,10,0,0,0,0,0,"1.84",1400000,0,1,0,0
"60","Napoli","Kévin Malcuit","30",0,1,0,3,0,0.1,0.4,"DF",8.4,6,18,-3,-1.26,1,0,0.07,166,71.1,763,2,2,1,8,3,66.7,45,24.4,5,5,6,0,0,0,0,0,"1.78",1e+06,0,1,0,0
"61","Napoli","Adam Ounas","24",0,0,0,1,0,0.9,1,"MF",9.5,14,6,2,0.24,13,15.4,0.07,205,80,985,12,13,3,25,6,33.3,57,26.3,3,5,2,0,0,0,0,0,"1.72",7e+06,0,0,1,0
"62","Napoli","Gianluca Gaetano","21",0,0,0,0,0,0,0,"MF",0.6,2,0,1,-0.54,0,0,0,11,81.8,40,0,0,0,1,2,50,8,25,0,2,0,0,0,0,0,0,"1.83",4500000,0,0,1,0
"63","Napoli","Davide Marfella","21",0,0,0,0,0,0,0,"GK",0.3,1,34,0,-5.89,0,0,0,1,100,5,0,0,0,0,0,0,0,0,0,0,0,0,0,1,100,1,"1.82",50000,0,0,0,1
"64","Napoli","Axel Tuanzebe","23",0,0,0,0,0,0,0,"DF",0.3,1,9,0,-0.16,0,0,0,4,100,49,0,0,0,1,0,0,2,50,1,0,0,0,0,0,0,0,"1.85",7e+06,0,1,0,0
"65","Juventus","Matthijs de Ligt","21",3,1,0,4,1,1.6,0.5,"DF",78.2,2,6,18,0.58,20,50,0.08,1664,89.9,9255,8,4,1,51,38,66.7,253,41.1,48,42,130,0,0,0,0,0,"1.89",7e+07,0,1,0,0
"66","Juventus","Juan Cuadrado","33",4,3,0,9,0,2,5,"DF",72.7,5,2,22,0.65,36,36.1,0.06,1868,85.1,10204,59,44,16,168,57,57.1,307,33.9,40,43,27,0,0,0,0,0,"1.76",8e+06,0,1,0,0
"67","Juventus","Adrien Rabiot","26",0,2,0,5,0,1.7,1.8,"MF",66.8,4,2,5,-0.06,26,26.9,0.07,1041,82.7,3618,20,15,5,61,74,42.4,576,32.6,53,32,29,1,0,0,0,0,"1.88",1.7e+07,0,0,1,0
"68","Juventus","Álvaro Morata","28",9,4,1,5,0,8,6.1,"FW",67.3,9,1,17,0.17,60,38.3,0.12,679,75.4,1457,44,20,6,43,20,28.6,435,28.7,37,16,19,0,0,0,0,0,"1.87",2.5e+07,1,0,0,0
"69","Juventus","Paulo Dybala","27",10,5,1,3,0,8.1,3.7,"FW",60.3,3,0,10,0.08,98,37.8,0.07,1130,81.1,3637,38,32,7,99,26,15.2,331,27.5,24,19,3,0,0,0,0,0,"1.77",3.5e+07,1,0,0,0
"70","Juventus","Manuel Locatelli","23",3,3,0,6,0,2.1,1.8,"MF",63.2,8,0,15,0.09,21,14.3,0.1,1443,85.9,7827,22,27,1,123,46,29.7,363,29.5,53,38,42,0,0,0,0,0,"1.85",3.5e+07,0,0,1,0
"71","Juventus","Leonardo Bonucci","34",5,0,3,1,0,4.9,0.4,"DF",58.6,2,6,4,-0.22,14,21.4,0.19,1280,86.5,10230,5,4,0,65,16,81.8,98,39.8,38,35,88,1,0,0,0,0,"1.9",6e+06,0,1,0,0
"72","Juventus","Danilo","30",1,2,0,6,0,1.2,1.2,"DF",55.4,0,2,12,-0.05,14,21.4,0.09,1450,87,9267,15,16,5,96,38,57.1,162,33.3,30,39,64,0,0,0,0,0,"1.84",1.3e+07,0,1,0,0
"73","Juventus","Alex Sandro","30",0,1,0,3,0,0.7,1.4,"DF",52,11,4,1,-0.19,9,22.2,0.08,1096,84.5,6280,22,28,13,83,29,23.1,216,31.9,34,35,37,0,0,0,0,0,"1.81",6e+06,0,1,0,0
"74","Juventus","Federico Bernardeschi","27",1,3,0,5,0,1.4,1.9,"MF",43.1,12,3,13,0.02,34,23.5,0.04,599,76.8,2164,18,24,4,62,16,41.7,237,32.5,23,11,8,1,0,0,0,0,"1.83",1e+07,0,0,1,0
"75","Juventus","Giorgio Chiellini","36",0,0,0,2,0,0.6,0.3,"DF",39.6,5,6,6,-0.05,4,0,0.15,923,84.5,5850,7,3,0,76,20,54.5,107,40.2,31,18,74,0,0,0,0,0,"1.87",1500000,0,1,0,0
"76","Juventus","Weston McKennie","22",3,0,0,1,0,2.3,1.2,"MF",40,6,2,4,-0.32,23,21.7,0.1,577,76.8,1998,18,13,2,38,29,38.1,279,31.9,26,25,17,0,0,0,0,0,"1.77",2.5e+07,0,0,1,0
"77","Juventus","Luca Pellegrini","22",0,1,0,6,0,0.2,1.6,"DF",32.4,3,17,13,0.79,6,16.7,0.03,684,76,3785,13,16,8,35,26,62.5,176,36.9,23,15,22,0,0,0,0,0,"1.78",9e+06,0,1,0,0
"78","Juventus","Mattia De Sciglio","28",1,2,0,2,1,0.2,2.4,"DF",34.2,7,7,5,-0.83,6,33.3,0.04,668,81.3,3955,21,17,12,48,20,33.3,137,24.1,26,26,38,0,0,0,0,0,"1.83",6e+06,0,1,0,0
"79","Juventus","Rodrigo Bentancur","24",0,1,0,1,0,0.4,0.3,"MF",33.8,6,3,7,0.24,8,12.5,0.06,756,87.3,2858,8,5,0,56,35,30.8,285,33.3,21,37,18,0,0,0,0,0,"1.87",2.8e+07,0,0,1,0
"80","Juventus","Moise Kean","21",5,2,0,5,0,4.1,0.1,"FW",32.1,20,0,5,-0.17,28,35.7,0.15,238,75.2,328,4,3,1,8,10,50,174,25.9,9,4,4,1,0,0,0,0,"1.83",2.4e+07,1,0,0,0
"81","Juventus","Dušan Vlahović","21",7,1,0,2,0,5.4,1.2,"FW",31.5,3,0,9,-0.19,45,44.4,0.12,233,68.2,425,8,7,0,12,3,0,101,34.7,2,2,6,0,0,0,0,0,"1.9",8.5e+07,1,0,0,0
"82","Juventus","Federico Chiesa","23",2,2,0,0,0,2.3,1.2,"MF",25.2,3,0,4,0.29,28,32.1,0.08,284,77.1,1300,17,12,6,29,23,33.3,144,30.6,12,8,6,0,0,0,0,0,"1.75",6.5e+07,0,0,1,0
"83","Juventus","Daniele Rugani","27",0,0,0,2,0,0.2,0,"DF",25.7,3,23,5,-0.74,2,0,0.08,545,90.6,3030,1,0,0,20,9,42.9,98,32.7,18,16,39,0,0,0,0,0,"1.9",3500000,0,1,0,0
"84","Juventus","Denis Zakaria","24",1,1,0,1,0,1.5,0.3,"MF",17.5,3,1,4,0.28,10,40,0.15,178,77.5,799,4,6,2,13,10,12.5,132,23.5,12,14,5,0,0,0,0,0,"1.91",2.7e+07,0,0,1,0
"85","Juventus","Dejan Kulusevski","21",1,3,0,1,0,1.9,1.2,"FW",22.6,15,2,7,0.54,18,33.3,0.11,244,80.3,663,10,13,3,22,17,36.8,227,26.9,11,15,2,0,0,0,0,0,"1.86",4e+07,1,0,0,0
"86","Juventus","Mattia Perin","28",0,0,0,0,0,0,0,"GK",11.8,0,32,0,0.02,0,0,0,137,79.6,1214,0,0,0,0,0,0,0,0,0,0,0,0,7,16,56.3,1,"1.88",4e+06,0,0,0,1
"87","Juventus","Fabio Miretti","17",0,0,0,0,0,0.1,0.4,"MF",9.4,2,7,2,-0.11,2,0,0.05,150,82.7,856,5,3,0,18,9,16.7,120,21.7,3,2,1,0,0,0,0,0,"1.79",5e+06,0,0,1,0
"88","Juventus","Aaron Ramsey","30",0,0,0,0,0,0,0.1,"MF",2.9,2,6,-1,-1.69,0,0,0,67,89.6,274,2,0,0,4,0,0,4,0,0,2,0,0,0,0,0,0,"1.82",3e+06,0,0,1,0
"89","Juventus","Kaio Jorge","19",0,0,0,0,0,0.9,0.3,"MF",3.5,9,11,2,1.25,5,20,0.18,38,76.3,61,2,0,0,1,3,0,24,25,1,0,2,0,0,0,0,0,"1.82",7e+06,0,0,1,0
"90","Juventus","Marley Aké","20",0,0,0,1,0,0,0,"MF",2.3,4,8,-3,-3.05,0,0,0,17,76.5,78,0,1,1,3,0,0,30,6.7,0,2,0,0,0,0,0,0,"1.77",2500000,0,0,1,0
"91","Juventus","Carlo Pinsoglio","31",0,0,0,0,0,0,0,"GK",1.3,1,35,-1,-2.65,0,0,0,11,90.9,224,0,0,0,0,0,0,0,0,0,0,0,0,1,1,100,0,"1.94",4e+05,0,0,0,1
"92","Juventus","Cristiano Ronaldo","36",0,0,0,1,0,0.2,0,"FW",0.9,1,0,-1,-2.6,1,0,0.17,12,75,14,1,0,0,0,0,0,0,0,0,1,0,0,0,0,0,0,"1.87",3e+07,1,0,0,0
"93","Juventus","Martin Palumbo","19",0,0,0,0,0,0,0,"MF",0.4,1,0,-1,-1.02,0,0,0,2,100,18,0,0,0,1,1,0,6,16.7,1,0,1,0,0,0,0,0,"1.83",7e+05,0,0,1,0
"94","Lazio","Sergej Milinković-Savić","26",11,10,0,6,1,7.3,6,"MF",90.6,1,0,23,1.08,75,41.3,0.1,2366,81.9,8084,53,53,11,170,54,19.6,539,28.4,52,55,50,0,0,0,0,0,"1.91",7e+07,0,0,1,0
"95","Lazio","Felipe Anderson","28",6,8,0,2,0,5.5,6.9,"FW",84.4,5,0,11,0.13,44,36.4,0.13,1424,77.8,4561,52,64,12,123,82,30.4,784,23,65,37,16,1,0,0,0,0,"1.75",1.3e+07,1,0,0,0
"96","Lazio","Ciro Immobile","31",27,2,7,4,0,22.2,3,"FW",79.3,0,0,21,0.42,109,45.9,0.14,886,78.3,1197,26,17,2,34,12,12.5,456,22.1,14,12,15,0,0,0,0,0,"1.85",2.7e+07,1,0,0,0
"97","Lazio","Francesco Acerbi","33",4,0,0,2,1,2.2,0.4,"DF",74.2,1,0,12,-0.51,16,43.8,0.14,2006,90.3,11558,6,6,0,88,27,45,165,29.1,48,48,115,1,0,0,0,0,"1.92",4e+06,0,1,0,0
"98","Lazio","Luiz Felipe","24",0,0,0,9,1,0.3,0.1,"DF",72.8,3,3,11,-0.18,5,20,0.05,1818,92,11071,2,3,0,74,50,51.5,180,37.8,56,42,109,0,0,0,0,0,"1.87",1.6e+07,0,1,0,0
"99","Lazio","Luis Alberto","28",5,9,0,5,0,3.5,7.8,"MF",68.8,7,1,16,0.36,47,34,0.08,1976,83.1,9086,63,49,7,180,31,24.4,413,25.7,29,22,6,0,0,0,0,0,"1.83",2.8e+07,0,0,1,0
"100","Lazio","Pedro","34",9,4,0,5,0,5.2,3.3,"FW",59.4,7,0,8,-0.66,37,54.1,0.14,937,84,2992,30,37,8,86,38,47.6,305,27.2,21,18,6,0,0,0,0,0,"1.67",3e+06,1,0,0,0
"101","Lazio","Elseid Hysaj","27",1,0,0,3,0,0.5,0.6,"DF",59.3,5,7,2,-0.81,4,50,0.13,1415,87.1,6849,10,16,4,68,43,63.2,207,35.3,36,29,34,0,0,0,0,0,"1.82",5e+06,0,1,0,0
"102","Lazio","Thomas Strakosha","26",0,0,0,2,0,0,0.1,"GK",60.5,0,15,19,0.52,0,0,0,731,82.5,9028,1,1,0,1,0,0,3,0,0,0,1,0,29,87,67.8,7,"1.93",7e+06,0,0,0,1
"103","Lazio","Mattia Zaccagni","26",4,5,0,6,0,3.5,2.3,"FW",54.9,8,0,24,0.67,33,30.3,0.11,747,81.7,2146,26,29,2,71,34,47.8,333,28.2,33,27,7,0,0,0,0,0,"1.77",1.8e+07,1,0,0,0
"104","Lazio","Danilo Cataldi","26",1,2,0,8,0,0.4,2.4,"MF",49.9,13,2,11,0.14,12,33.3,0.03,1388,85.9,6293,23,17,1,80,35,26.5,305,24.6,22,31,16,0,0,0,0,0,"1.8",5e+06,0,0,1,0
"105","Lazio","Lucas Leiva","34",0,0,0,9,0,0.1,0.3,"MF",49.6,16,2,9,-0.05,3,0,0.03,1243,92.2,5613,6,3,1,66,59,32.7,367,27,35,32,33,0,0,0,0,0,"1.79",1e+06,0,0,1,0
"106","Lazio","Patric","28",1,1,0,7,1,0.6,0.7,"DF",48.2,5,11,13,0.76,6,33.3,0.09,1412,94.1,7465,6,2,0,42,23,47.8,153,36.6,33,24,60,1,0,0,0,0,"1.84",5500000,0,1,0,0
"107","Lazio","Manuel Lazzari","27",3,3,0,3,0,0.9,2,"DF",48.7,15,3,9,0.04,12,50,0.08,1033,85.6,4278,13,18,6,44,31,50,184,31.5,22,27,25,0,0,0,0,0,"1.74",1.5e+07,0,1,0,0
"108","Lazio","Pepe Reina","38",0,1,0,3,0,0,0.3,"GK",39.5,0,23,0,-0.52,0,0,0,525,81.5,7629,1,0,0,0,1,0,5,20,0,0,1,0,29,56,55.4,2,"1.88",7e+05,0,0,0,1
"109","Lazio","Jovane Cabral","23",1,0,0,0,0,0.9,0.5,"FW",5.6,1,12,1,1.23,6,16.7,0.15,36,88.9,70,2,0,0,1,3,0,47,34,2,1,1,0,0,0,0,0,"1.74",5500000,1,0,0,0
"110","Lazio","Vedat Muriqi","27",0,0,0,1,0,0.4,0,"FW",6.3,10,12,-5,-0.88,4,50,0.1,69,66.7,65,0,2,0,2,1,0,39,17.9,2,1,1,0,0,0,0,0,"1.94",7e+06,1,0,0,0
"111","Lazio","Raúl Moro","18",0,1,0,0,0,0.3,0.2,"FW",5.9,10,24,-3,-0.82,2,50,0.15,87,86.2,135,5,2,1,3,2,40,36,13.9,4,1,0,0,0,0,0,0,"1.69",2800000,1,0,0,0
"112","Lazio","Luka Romero","16",0,0,0,0,0,0,0,"FW",2.5,8,21,1,-1.05,1,100,0.02,35,94.3,40,1,1,1,0,3,25,29,24.1,1,2,0,0,0,0,0,0,"1.65",1e+06,1,0,0,0
"113","Lazio","Gonzalo Escalante","28",0,0,0,0,0,0,0,"MF",0.3,1,15,0,-2.2,0,0,0,5,80,10,0,0,0,0,1,100,3,0,2,0,1,0,0,0,0,0,"1.82",2500000,0,0,1,0
"114","Lazio","Denis Vavro","25",0,0,0,0,0,0,0,"DF",0.2,1,12,0,0.9,0,0,0,6,100,40,0,0,0,0,0,0,0,0,0,0,0,0,0,0,0,0,"1.89",3e+06,0,1,0,0
"115","Roma","Rui Patrício","33",0,0,0,2,0,0,0.4,"GK",100,0,0,16,0,0,0,0,1071,76.6,14572,2,0,0,2,0,0,4,25,1,0,0,1,43,141,73,15,"1.9",6e+06,0,0,0,1
"116","Roma","Tammy Abraham","23",17,4,3,9,0,20.5,3.6,"FW",90.2,1,0,16,0.67,93,34.4,0.2,694,72,1755,35,28,4,61,34,43.5,467,29.6,33,15,31,0,0,0,0,0,"1.94",5e+07,1,0,0,0
"117","Roma","Gianluca Mancini","25",0,0,0,16,1,2.3,0.5,"DF",84.2,0,1,10,-1.12,24,25,0.09,1790,85.7,11209,6,17,3,118,59,60,400,35.8,41,50,92,0,0,0,0,0,"1.9",2.1e+07,0,1,0,0
"118","Roma","Rick Karsdorp","26",0,2,0,9,1,0,4.9,"DF",84.3,4,0,15,0.22,2,50,0.02,1831,82,10340,41,60,22,174,61,56.3,333,28.8,29,53,29,0,0,0,0,0,"1.84",1.3e+07,0,1,0,0
"119","Roma","Bryan Cristante","26",2,0,0,9,0,2.3,1.6,"MF",78.3,5,0,9,-0.04,39,12.8,0.06,1794,82.4,9513,21,23,2,178,86,55.4,615,31.2,45,47,56,0,0,0,0,0,"1.86",2e+07,0,0,1,0
"120","Roma","Henrikh Mkhitaryan","32",5,6,0,4,1,3.8,4.6,"MF",73,2,1,14,-0.05,55,27.3,0.07,1172,82.7,4126,38,42,6,112,48,31.5,564,30.1,47,43,25,0,0,0,0,0,"1.77",8e+06,0,0,1,0
"121","Roma","Lorenzo Pellegrini","25",9,3,2,8,1,9.1,6.2,"MF",66.9,1,0,10,0.36,90,30,0.08,1088,71.8,5200,68,38,6,97,36,27.5,478,23.8,28,35,18,0,0,0,0,0,"1.86",4.5e+07,0,0,1,0
"122","Roma","Jordan Veretout","28",4,8,1,6,0,4.6,4.4,"MF",67.8,10,0,15,-0.18,27,29.6,0.11,1431,84.5,6621,53,18,3,107,45,33.3,413,30,16,27,26,0,0,0,0,0,"1.77",1.7e+07,0,0,1,0
"123","Roma","Chris Smalling","31",3,0,0,0,0,1.7,0.1,"DF",61.1,4,3,7,-0.22,11,27.3,0.16,1038,89.3,5052,1,0,0,30,37,52,184,42.9,45,36,91,1,0,0,0,0,"1.94",8e+06,0,1,0,0
"124","Roma","Nicolò Zaniolo","22",2,1,0,12,2,4.8,2.6,"FW",57.6,5,2,4,-0.58,70,28.6,0.07,553,71.4,1678,25,23,2,53,27,28.6,365,26.3,16,15,6,0,0,0,0,0,"1.9",3.3e+07,1,0,0,0
"125","Roma","Matías Viña","23",0,1,0,2,0,0.7,1.4,"DF",45.8,8,8,2,-0.21,12,25,0.06,841,79.3,5026,11,14,6,63,49,42,306,25.5,42,42,35,0,0,0,0,0,"1.8",7500000,0,1,0,0
"126","Roma","Marash Kumbulla","21",0,0,0,6,0,0.8,0,"DF",30,4,18,4,0.63,7,42.9,0.11,632,86.4,3326,2,0,0,23,26,45.5,180,37.2,15,18,30,0,0,0,0,0,"1.91",1.6e+07,0,1,0,0
"127","Roma","Sérgio Oliveira","29",2,0,1,5,0,1.4,1.5,"MF",26.1,1,1,-1,-0.04,11,45.5,0.07,499,81.2,2134,14,8,0,28,30,44.4,247,33.6,15,13,11,0,0,0,0,0,"1.81",1.2e+07,0,0,1,0
"128","Roma","Nicola Zalewski","19",0,0,0,1,0,0.4,0.6,"DF",23.2,7,18,5,-0.08,9,33.3,0.04,503,78.5,2501,10,7,3,22,33,37.5,179,30.7,18,24,8,0,0,0,0,0,"1.75",1.2e+07,0,1,0,0
"129","Roma","Stephan El Shaarawy","28",3,0,0,1,0,3,2.4,"DF",30.8,19,4,2,0.38,39,33.3,0.08,586,83.1,2380,31,30,5,58,17,71.4,155,27.1,17,16,7,0,0,0,0,0,"1.78",6e+06,0,1,0,0
"130","Roma","Ainsley Maitland-Niles","23",0,0,0,0,0,0.4,0.4,"DF",14.2,1,10,2,0.37,3,66.7,0.14,320,76.6,1559,5,7,3,22,5,25,80,37.5,17,13,7,0,0,0,0,0,"1.8",1e+07,0,1,0,0
"131","Roma","Felix Afena-Gyan","18",2,0,0,5,1,1.9,0.2,"FW",19.5,11,8,4,0.05,18,38.9,0.1,164,76.2,264,5,6,2,10,8,44.4,222,24.8,5,5,0,0,0,0,0,0,"1.75",6e+06,1,0,0,0
"132","Roma","Eldor Shomurodov","26",3,4,0,2,0,4,2.2,"FW",22.9,23,9,7,0.49,31,35.5,0.13,232,68.5,645,17,8,3,12,7,0,192,21.9,6,6,4,0,0,0,0,0,"1.9",8e+06,1,0,0,0
"133","Roma","Carles Pérez","23",1,1,0,2,0,1.4,0.6,"MF",16.2,16,16,11,0.27,28,28.6,0.05,248,84.7,784,12,9,0,18,7,18.2,142,31,7,3,0,0,0,0,0,0,"1.73",6e+06,0,0,1,0
"134","Roma","Riccardo Calafiori","19",0,1,0,2,0,0,0.8,"DF",5.1,4,12,0,-0.92,0,0,0,83,80.7,337,1,2,1,3,3,33.3,35,31.4,4,5,1,0,0,0,0,0,"1.85",3500000,0,1,0,0
"135","Roma","Amadou Diawara","24",0,0,0,0,0,0,0,"MF",5,2,25,0,-0.43,1,0,0.01,70,78.6,222,1,0,0,3,4,50,30,23.3,2,0,2,0,0,0,0,0,"1.83",6e+06,0,0,1,0
"136","Roma","Leonardo Spinazzola","28",0,0,0,1,0,0.1,0.1,"DF",3.7,1,4,2,0.68,2,0,0.03,73,86.3,364,1,3,2,5,0,0,13,0,5,2,1,0,0,0,0,0,"1.86",2e+07,0,1,0,0
"137","Roma","Borja Mayoral","24",0,0,0,0,0,0.1,0,"FW",2.8,4,11,2,0.3,1,0,0.1,39,74.4,51,0,0,0,1,0,0,11,45.5,0,0,0,0,0,0,0,0,"1.82",9e+06,1,0,0,0
"138","Roma","Ebrima Darboe","20",0,0,0,0,0,0,0,"MF",1.8,0,21,2,0.21,1,0,0.03,40,95,150,0,0,0,1,2,0,10,30,0,2,0,1,0,0,0,0,"1.79",2e+06,0,0,1,0
"139","Roma","Edoardo Bove","19",1,0,0,0,0,0,0,"MF",2,11,21,4,1.55,1,100,0.01,36,86.1,153,0,0,0,5,1,0,24,37.5,2,2,1,0,0,0,0,0,"1.79",1100000,0,0,1,0
"140","Roma","Cristian Volpato","17",1,0,0,0,0,0.1,0,"MF",1.1,3,5,2,2.89,1,100,0.06,27,74.1,53,1,0,0,2,0,0,7,42.9,0,0,0,0,0,0,0,0,"1.87",9e+05,0,0,1,0
"141","Roma","Bryan Reynolds","20",0,0,0,0,0,0,0,"DF",0.1,1,10,1,1.14,0,0,0,2,100,8,0,0,0,0,0,0,1,0,0,0,1,0,0,0,0,0,"1.85",3500000,0,1,0,0
"142","Roma","Dimitrios Keramitsis","17",0,0,0,0,0,0,0,"DF",0,1,6,0,-0.66,0,0,0,0,0,0,0,0,0,0,0,0,1,0,0,0,0,0,0,0,0,0,"1.93",0,0,1,0,0
"143","Fiorentina","Cristiano Biraghi","28",4,1,1,5,1,3.3,5.8,"DF",92.2,0,0,7,0.12,37,45.9,0.05,2585,80.6,16226,70,64,36,159,37,42.2,305,33.1,46,38,29,4,0,0,0,0,"1.85",1e+07,0,1,0,0
"144","Fiorentina","Nikola Milenković","23",1,0,0,10,1,2.1,0,"DF",85.6,0,2,5,0.02,23,39.1,0.09,2097,89.8,11384,1,1,0,89,46,65.8,288,35.4,43,75,88,0,0,0,0,0,"1.95",2e+07,0,1,0,0
"145","Fiorentina","Pietro Terracciano","31",0,0,0,0,0,0,0,"GK",83.7,1,5,9,0.71,0,0,0,1523,80,19266,1,1,0,1,0,0,3,33.3,0,0,0,1,43,95,56.8,9,"1.93",1500000,0,0,0,1
"146","Fiorentina","Giacomo Bonaventura","31",4,4,0,8,1,5.1,2.5,"MF",66.3,3,1,13,0.5,45,31.1,0.12,1214,83.3,3707,31,20,0,90,31,40.9,371,28.6,19,30,9,1,0,0,0,0,"1.8",3e+06,0,0,1,0
"147","Fiorentina","Nicolás González","23",7,6,3,4,1,9.3,3.8,"FW",68.9,7,1,6,0.21,69,29,0.1,940,74.9,2865,38,40,12,83,28,30,369,30.9,30,33,3,0,0,0,0,0,"1.8",2.5e+07,1,0,0,0
"148","Fiorentina","Lucas Torreira","25",5,1,0,10,1,4.6,1.7,"MF",64.2,5,3,10,1.01,29,44.8,0.17,1372,87.6,5670,23,25,2,115,53,52.5,405,29.6,9,38,29,0,0,0,0,0,"1.66",2e+07,0,0,1,0
"149","Fiorentina","Igor","23",0,0,0,3,0,0.4,0.8,"DF",65.6,7,8,11,-0.02,7,14.3,0.06,1674,92.5,9634,5,2,0,75,59,63.6,284,32.4,53,58,48,3,0,0,0,0,"1.85",1.4e+07,0,1,0,0
"150","Fiorentina","Alfred Duncan","28",2,2,0,3,0,1.3,1.8,"MF",56.5,12,5,5,-0.24,11,27.3,0.12,950,79.1,4156,25,29,6,104,35,31.4,355,32.4,25,23,10,0,0,0,0,0,"1.78",8500000,0,0,1,0
"151","Fiorentina","Lorenzo Venuti","26",0,0,0,4,0,0.2,0.4,"DF",45.9,3,12,5,0.1,7,14.3,0.03,1048,86.5,5467,8,11,4,66,21,31.8,165,29.7,21,14,20,0,0,0,0,0,"1.79",3e+06,0,1,0,0
"152","Fiorentina","Álvaro Odriozola","25",1,2,0,4,1,1,3.8,"DF",50.7,7,5,6,0.01,4,50,0.24,1048,87.5,4925,30,19,10,45,27,30.8,291,32.6,36,28,21,1,0,0,0,0,"1.76",1.2e+07,0,1,0,0
"153","Fiorentina","Lucas Martínez Quarta","25",1,0,0,8,0,1.2,0.4,"DF",41.8,4,15,3,0.41,16,25,0.07,1119,91.2,7625,3,2,0,57,39,52.9,189,36,25,38,47,0,0,0,0,0,"1.83",1.2e+07,0,1,0,0
"154","Fiorentina","Gaetano Castrovilli","24",1,1,0,4,0,1.2,1.6,"MF",40.7,7,2,-1,0.09,16,12.5,0.07,551,74.4,1952,15,22,1,57,30,30.4,256,31.3,20,25,4,0,0,0,0,0,"1.87",1.2e+07,0,0,1,0
"155","Fiorentina","José Callejón","34",1,2,0,0,0,1.7,3,"FW",38,14,8,-3,-0.58,17,35.3,0.1,619,78.5,2262,22,22,7,45,20,26.9,169,30.8,9,12,3,0,0,0,0,0,"1.78",1e+06,1,0,0,0
"156","Fiorentina","Riccardo Sottil","22",3,2,0,4,1,2.5,2.1,"FW",36.2,10,9,-3,-0.14,22,45.5,0.12,386,78,864,14,18,6,26,10,33.3,118,28.8,11,2,3,0,0,0,0,0,"1.8",9e+06,1,0,0,0
"157","Fiorentina","Riccardo Saponara","29",3,3,0,1,0,2,3.2,"FW",37.5,16,7,17,0.4,37,37.8,0.05,552,77.5,2252,20,28,6,79,7,9.1,123,32.5,6,5,5,0,0,0,0,0,"1.84",2500000,1,0,0,0
"158","Fiorentina","Youssef Maleh","22",2,2,0,5,0,2.3,1,"MF",29.8,17,9,6,0.4,21,23.8,0.11,426,81,1420,12,8,5,29,29,52.4,275,28,18,8,3,0,0,0,0,0,"1.79",5e+06,0,0,1,0
"159","Fiorentina","Sofyan Amrabat","24",1,0,0,6,0,0.2,0.2,"MF",27.6,15,8,-1,-0.67,4,75,0.05,711,90.3,2929,7,7,0,48,31,51.6,254,29.5,27,10,7,1,0,0,0,0,"1.85",1e+07,0,0,1,0
"160","Fiorentina","Arthur","23",2,2,0,1,0,3.7,0.3,"FW",21.9,6,2,0,0.07,23,34.8,0.16,144,79.2,249,6,3,0,8,9,33.3,133,29.3,4,3,8,0,0,0,0,0,"1.72",1.8e+07,1,0,0,0
"161","Fiorentina","Erick Pulgar","27",0,1,0,2,0,0.1,0.7,"MF",10,2,6,-1,-0.84,3,66.7,0.03,236,88.6,975,7,2,0,12,6,40,50,20,4,6,5,1,0,0,0,0,"1.87",6500000,0,0,1,0
"162","Fiorentina","Matija Nastasić","28",0,0,0,1,0,0.1,0,"DF",6.4,3,24,-6,-2.08,1,100,0.06,150,92.7,773,1,0,0,3,3,100,21,42.9,4,6,10,0,0,0,0,0,"1.88",1500000,0,1,0,0
"163","Fiorentina","Aleksa Terzić","21",0,1,0,1,0,0,0.4,"DF",8,13,24,1,0.1,0,0,0,242,83.1,1332,5,8,6,12,9,50,51,39.2,6,11,5,0,0,0,0,0,"1.84",1500000,0,1,0,0
"164","Fiorentina","Marco Benassi","26",0,0,0,1,0,0.1,0.1,"DF",4.6,5,12,-2,-0.91,3,0,0.03,131,82.4,618,1,1,0,9,3,100,25,28,3,4,4,1,0,0,0,0,"1.84",2400000,0,1,0,0
"165","Fiorentina","Aleksandr Kokorin","30",0,0,0,1,0,0,0,"FW",1.6,6,21,-1,-3.71,0,0,0,26,65.4,33,0,0,0,1,1,100,11,27.3,1,0,0,0,0,0,0,0,"1.84",8e+05,1,0,0,0
"166","Fiorentina","Filippo Distefano","17",0,0,0,0,0,0,0,"FW",0.1,1,1,0,-5.25,0,0,0,2,100,0,0,0,0,0,0,0,0,0,0,0,0,0,0,0,0,0,"0",3e+05,1,0,0,0
"167","Atalanta","Juan Musso","27",0,0,0,1,1,0,0,"GK",85.7,0,4,19,-0.22,0,0,0,951,74.1,12761,0,0,0,0,0,0,4,25,1,0,0,0,42,116,66.4,8,"1.91",1.8e+07,0,0,0,1
"168","Atalanta","José Luis Palomino","31",1,0,0,9,0,1.8,0.4,"DF",78.1,4,1,14,0.54,14,21.4,0.13,1649,82.6,8805,5,4,1,107,99,58.8,404,42.1,63,92,110,0,0,0,0,0,"1.88",7500000,0,1,0,0
"169","Atalanta","Davide Zappacosta","29",1,5,0,6,0,2.2,4.2,"DF",68.6,5,1,7,-0.11,37,13.5,0.06,1521,82.5,6998,35,39,21,102,31,40.6,400,28,53,21,17,0,0,0,0,0,"1.82",9e+06,0,1,0,0
"170","Atalanta","Marten de Roon","30",3,0,0,7,1,1.6,0.6,"MF",74.5,2,1,14,-0.19,22,22.7,0.07,1674,86.2,8551,9,24,0,139,83,46.3,553,30.9,35,66,58,0,0,0,0,0,"1.85",1.7e+07,0,0,1,0
"171","Atalanta","Remo Freuler","29",1,3,0,10,0,1.5,1.8,"MF",69.3,1,5,-1,-0.58,20,30,0.08,1689,85.8,7151,24,44,6,176,64,37.1,485,32,48,48,28,1,0,0,0,0,"1.8",2e+07,0,0,1,0
"172","Atalanta","Berat Djimsiti","28",1,1,0,6,0,1.8,1,"DF",66,6,1,11,-0.04,18,16.7,0.1,1427,85,7729,11,15,7,80,46,52.4,265,36.6,39,53,83,1,0,0,0,0,"1.9",1.7e+07,0,1,0,0
"173","Atalanta","Teun Koopmeiners","23",4,1,0,4,0,2.2,4.9,"MF",62.2,7,4,16,0.36,28,32.1,0.08,1482,80,7434,45,36,12,124,40,32.1,417,31.4,42,24,22,0,0,0,0,0,"1.83",2.5e+07,0,0,1,0
"174","Atalanta","Merih Demiral","23",1,2,0,8,0,2.2,0,"DF",56.1,6,6,8,-0.21,25,24,0.09,805,87.3,3501,1,1,0,21,40,55,346,39.9,41,55,86,1,0,0,0,0,"1.9",2.5e+07,0,1,0,0
"175","Atalanta","Duván Zapata","30",10,4,3,3,0,13.6,4.3,"FW",50.4,4,2,4,-0.03,78,39.7,0.15,557,76.3,925,38,21,4,28,7,50,165,27.9,13,8,7,0,0,0,0,0,"1.89",2.8e+07,1,0,0,0
"176","Atalanta","Ruslan Malinovskyi","28",6,5,0,10,0,3.7,6.2,"FW",46.5,11,1,8,-0.22,58,29.3,0.06,918,73.9,3844,45,48,7,109,27,44,360,27.2,23,7,3,0,0,0,0,0,"1.81",2.8e+07,1,0,0,0
"177","Atalanta","Matteo Pessina","24",1,1,0,0,0,2.7,1.3,"MF",42,9,7,1,-0.13,28,35.7,0.1,858,82.4,2902,22,14,1,70,28,28.6,290,37.6,35,21,8,0,0,0,0,0,"1.87",1.6e+07,0,0,1,0
"178","Atalanta","Luis Muriel","30",9,8,2,1,0,7.3,5.5,"FW",45,10,4,10,0.14,55,29.1,0.11,769,73,2686,60,38,8,70,18,35,225,28,15,9,5,0,0,0,0,0,"1.79",2e+07,1,0,0,0
"179","Atalanta","Rafael Tolói","30",1,1,0,6,0,1.3,0.5,"DF",42,4,1,11,0.22,11,18.2,0.12,940,83.5,5929,8,8,2,74,34,64.3,219,37,28,36,43,0,0,0,0,0,"1.85",8e+06,0,1,0,0
"180","Atalanta","Hans Hateboer","27",0,0,0,2,0,1.9,0.8,"DF",40.5,5,2,4,0.3,17,11.8,0.11,864,83,3851,12,18,8,56,24,32.1,157,24.2,17,6,19,0,0,0,0,0,"1.85",1.3e+07,0,1,0,0
"181","Atalanta","Giuseppe Pezzella","23",0,2,0,3,0,0.4,1.1,"DF",31.3,11,11,6,-0.39,9,11.1,0.05,650,78.2,2519,9,7,2,50,32,55.6,122,29.5,26,12,16,0,0,0,0,0,"1.87",5e+06,0,1,0,0
"182","Atalanta","Giorgio Scalvini","17",1,0,0,1,0,1.7,0.2,"DF",22.3,9,14,-4,-0.26,16,18.8,0.11,507,81.9,2782,4,5,0,49,26,38.1,130,30,16,22,16,0,0,0,0,0,"1.94",1e+07,0,1,0,0
"183","Atalanta","Marco Sportiello","29",0,0,0,1,0,0,0,"GK",13.2,0,31,-3,0.34,0,0,0,132,76.5,1455,0,0,0,0,0,0,0,0,0,0,0,0,5,16,81.3,2,"1.92",1500000,0,0,0,1
"184","Atalanta","Matteo Lovato","21",0,0,0,1,0,0,0.1,"DF",8.9,3,9,4,-0.34,1,0,0.05,196,85.2,1050,2,2,0,6,6,50,42,31,3,6,6,0,0,0,0,0,"1.88",7e+06,0,1,0,0
"185","Atalanta","Roberto Piccoli","20",1,0,0,0,0,1.1,0.2,"FW",5.7,11,9,2,-0.57,5,60,0.23,44,59.1,48,3,0,0,0,1,0,40,32.5,2,0,0,0,0,0,0,0,"1.9",4e+06,1,0,0,0
"186","Atalanta","Valentin Mihaila","21",0,0,0,0,0,0,0,"FW",2.2,5,11,1,-1.15,1,100,0.03,35,51.4,36,0,0,0,0,1,0,18,27.8,2,0,1,0,0,0,0,0,"1.8",5500000,1,0,0,0
"187","Atalanta","Moustapha Cissé","17",1,0,0,0,0,0.5,0,"FW",1.1,3,4,1,-0.34,3,33.3,0.17,11,63.6,13,0,0,0,1,2,0,14,35.7,1,1,0,0,0,0,0,0,"1.82",1e+06,1,0,0,0
"188","Atalanta","Sam Lammers","24",0,0,0,0,0,0,0,"FW",1.1,2,0,0,0.79,0,0,0,19,57.9,62,0,1,0,2,0,0,7,42.9,1,0,0,0,0,0,0,0,"1.91",3e+06,1,0,0,0
"189","Atalanta","Francesco Rossi","30",0,0,0,0,0,0,0,"GK",1.1,1,35,0,-1.01,0,0,0,16,68.8,209,0,0,0,0,0,0,0,0,0,0,0,0,1,2,50,0,"1.93",1e+05,0,0,0,1
"190","Atalanta","Tommaso De Nipoti","18",0,0,0,0,0,0,0,"MF",0.2,1,2,0,-1.16,0,0,0,2,50,0,0,0,0,0,0,0,4,0,0,0,0,0,0,0,0,0,"0",150000,0,0,1,0
"191","Atalanta","Giorgio Cittadini","19",0,0,0,0,0,0,0,"DF",0.1,2,9,1,2.9,0,0,0,2,50,21,0,0,0,1,0,0,1,0,0,1,0,0,0,0,0,0,"0",3e+05,0,1,0,0
"192","Hellas Verona","Lorenzo Montipò","25",0,0,0,1,0,0,0,"GK",89.5,0,2,7,-0.25,0,0,0,980,56,13829,0,0,0,0,0,0,0,0,0,0,3,2,50,135,64.4,4,"1.91",4500000,0,0,0,1
"193","Hellas Verona","Gianluca Caprari","28",12,7,2,4,0,7.3,6.8,"FW",80.1,2,0,16,0.73,65,40,0.09,1272,75.9,4157,66,66,7,119,43,30.6,438,31.3,42,18,6,0,0,0,0,0,"1.71",1e+07,1,0,0,0
"194","Hellas Verona","Darko Lazović","30",1,7,0,2,0,3.6,5.7,"DF",80.9,2,1,7,0.19,46,21.7,0.08,1543,71.2,9552,44,54,14,195,39,36.4,250,31.2,49,40,37,0,0,0,0,0,"1.81",4e+06,0,1,0,0
"195","Hellas Verona","Giovanni Simeone","26",17,5,0,8,0,10.7,2.7,"FW",77.6,3,1,14,0.04,71,46.5,0.14,690,71,1093,22,15,4,26,31,23.1,542,30.3,40,6,19,0,0,0,0,0,"1.81",1.7e+07,1,0,0,0
"196","Hellas Verona","Nicolò Casale","23",0,1,0,10,0,0.7,1.3,"DF",75.6,6,0,2,0.07,11,0,0.07,1182,81.7,6202,11,11,5,73,60,58.5,506,30.4,52,66,111,1,0,0,0,0,"1.91",7500000,0,1,0,0
"197","Hellas Verona","Davide Faraoni","29",4,5,0,8,1,2.7,2.9,"DF",75.2,2,0,10,-0.14,29,31,0.09,1369,70.1,9467,21,60,22,142,69,33.3,373,33.5,71,32,64,0,0,0,0,0,"1.8",5e+06,0,1,0,0
"198","Hellas Verona","Ivan Ilić","20",1,3,0,5,1,2.3,1.4,"MF",73.9,2,0,1,-0.06,22,22.7,0.11,1366,81,5083,21,20,6,97,45,30.4,413,32.2,39,44,61,0,0,0,0,0,"1.85",1.4e+07,0,0,1,0
"199","Hellas Verona","Koray Günter","26",0,0,0,10,0,0.3,0.7,"DF",70.5,1,2,2,-0.09,6,33.3,0.05,1228,83.6,8291,5,2,0,88,35,48.1,234,32.9,49,67,163,1,0,0,0,0,"1.86",5e+06,0,1,0,0
"200","Hellas Verona","Federico Ceccherini","29",1,0,0,12,1,1.8,0.7,"DF",68.9,5,2,0,0.04,11,18.2,0.17,1215,80.9,6876,9,6,0,84,39,53.6,309,33.3,33,64,103,0,0,0,0,0,"1.87",4e+06,0,1,0,0
"201","Hellas Verona","Miguel Veloso","35",0,3,0,7,1,0.6,2,"MF",39.3,5,3,-1,0.62,17,23.5,0.04,919,79.4,4565,26,19,5,73,25,42.9,206,27.7,22,20,20,1,0,0,0,0,"1.8",9e+05,0,0,1,0
"202","Hellas Verona","Kevin Lasagna","28",2,4,0,1,0,3.5,2.2,"FW",34.6,17,6,-5,-0.01,41,39,0.09,287,66.9,724,14,15,1,23,14,28.6,196,29.6,15,7,7,0,0,0,0,0,"1.81",3500000,1,0,0,0
"203","Hellas Verona","Fabio Depaoli","24",1,1,0,3,0,0.6,0.3,"DF",20.6,11,0,-3,-0.18,9,44.4,0.06,290,63.1,1735,4,15,5,30,12,22.2,126,28.6,15,10,19,0,0,0,0,0,"1.82",2800000,0,1,0,0
"204","Hellas Verona","Martin Hongla","23",1,0,0,3,0,1.5,0,"MF",19,11,11,-5,-0.79,9,44.4,0.17,304,77,922,1,3,0,17,22,55.6,108,32.4,5,10,20,0,0,0,0,0,"1.81",4e+06,0,0,1,0
"205","Hellas Verona","Bosko Sutalo","21",0,0,0,0,0,0.3,0.1,"DF",26.9,18,9,-6,-0.12,5,20,0.05,487,78.6,2284,2,4,3,30,24,68.8,158,32.3,20,31,42,0,0,0,0,0,"1.88",3e+06,0,1,0,0
"206","Hellas Verona","Daniel Bessa","28",1,1,0,5,1,0.3,0.8,"MF",22.5,19,10,1,-0.43,10,20,0.03,482,80.7,2024,11,14,0,51,14,36.4,155,33.5,18,10,14,0,0,0,0,0,"1.78",2500000,0,0,1,0
"207","Hellas Verona","Giangiacomo Magnani","25",0,0,0,3,1,0.6,0,"DF",15.5,9,4,5,-0.34,5,20,0.12,223,79.4,1114,0,1,0,8,16,46.7,68,38.2,8,15,46,0,0,0,0,0,"1.91",3600000,0,1,0,0
"208","Hellas Verona","Ivor Pandur","21",0,0,0,0,0,0,0,"GK",7.9,0,20,-1,0.64,0,0,0,68,76.5,1095,0,0,0,0,0,0,0,0,0,0,0,0,6,14,64.3,0,"1.87",1e+06,0,0,0,1
"209","Hellas Verona","Diego Coppola","17",0,0,0,0,0,0.1,0,"DF",7.3,1,10,2,0.2,1,0,0.07,95,80,505,0,0,0,8,8,66.7,39,25.6,6,4,12,0,0,0,0,0,"1.92",1e+06,0,1,0,0
"210","Hellas Verona","Matteo Cancellieri","19",1,0,0,1,0,0.2,0.2,"MF",6.6,11,19,-2,-0.56,4,25,0.05,68,69.1,227,4,3,0,4,5,20,49,34.7,3,3,0,0,0,0,0,0,"1.8",3e+06,0,0,1,0
"211","Hellas Verona","Alessandro Berardi","30",0,0,0,0,0,0,0,"GK",2.6,0,30,0,-0.91,0,0,0,30,46.7,339,0,0,0,0,0,0,0,0,0,0,0,0,3,7,57.1,0,"1.85",50000,0,0,0,1
"212","Hellas Verona","Panagiotis Retsos","22",0,0,0,0,0,0,0.1,"DF",1.6,4,7,0,0,0,0,0,22,63.6,124,1,2,0,3,1,0,9,11.1,2,2,2,0,0,0,0,0,"1.86",2800000,0,1,0,0
"213","Hellas Verona","Samuel Di Carmine","32",0,0,0,1,0,0,0,"FW",1.1,1,0,1,0.89,1,0,0.03,5,100,8,0,0,0,0,0,0,2,0,0,0,0,0,0,0,0,0,"1.87",6e+05,1,0,0,0
"214","Hellas Verona","Mateusz Praszelik","20",0,0,0,0,0,0,0,"FW",0.7,2,10,1,-0.18,1,0,0.03,10,90,10,0,0,0,0,0,0,4,0,0,0,1,0,0,0,0,0,"1.84",1400000,1,0,0,0
"215","Hellas Verona","Gianluca Frabotta","22",0,0,0,0,0,0,0,"DF",0.6,2,10,0,-0.52,0,0,0,9,44.4,42,0,1,0,2,0,0,6,50,1,0,0,0,0,0,0,0,"1.87",2e+06,0,1,0,0
"216","Hellas Verona","Filippo Terracciano","18",0,0,0,0,0,0,0,"DF",0.2,1,2,0,1.01,0,0,0,5,60,18,0,0,0,0,0,0,1,0,1,0,1,0,0,0,0,0,"0",250000,0,1,0,0
"217","Torino","Saša Lukić","24",5,4,3,10,0,4.4,4.5,"MF",87.2,1,0,6,-0.25,29,24.1,0.07,1772,87.5,6022,34,20,2,107,57,43.9,540,27.6,53,52,35,0,0,0,0,0,"1.83",1.5e+07,0,0,1,0
"218","Torino","Ricardo Rodríguez","28",0,1,0,3,0,0.3,1.6,"DF",72.3,6,1,1,0.23,9,0,0.03,1461,86.2,8537,23,7,2,93,47,50,312,35.3,34,51,71,1,0,0,0,0,"1.8",3400000,0,1,0,0
"219","Torino","Vanja Milinković-Savić","24",0,0,0,3,0,0.1,0,"GK",71.1,0,8,2,0.04,1,0,0.08,1031,52,14998,0,1,0,0,0,0,4,0,0,0,0,2,33,73,64.4,4,"2.02",2500000,0,0,0,1
"220","Torino","Josip Brekalo","23",7,2,0,1,0,4.7,5.1,"FW",66.8,6,2,1,-0.36,44,38.6,0.11,1179,71.8,3693,56,34,9,82,12,15,291,27.5,18,11,8,1,0,0,0,0,"1.75",1.5e+07,1,0,0,0
"221","Torino","Tommaso Pobega","22",4,2,0,11,0,3.8,0.8,"MF",65.5,9,1,-1,-0.02,49,16.3,0.08,1173,80.7,4759,21,17,2,102,53,45,482,33.8,45,36,41,0,0,0,0,0,"1.88",1.6e+07,0,0,1,0
"222","Torino","Mërgim Vojvoda","26",0,3,0,3,0,1.5,2.4,"DF",57.8,7,7,5,0.24,18,38.9,0.09,1165,78.4,7072,24,31,15,102,41,54.8,233,30.9,41,28,46,0,0,0,0,0,"1.87",5500000,0,1,0,0
"223","Torino","Antonio Sanabria","25",6,1,0,3,0,8.1,1.5,"FW",52.7,7,3,9,0.14,49,38.8,0.16,490,75.5,458,14,5,0,11,7,20,306,25.5,16,5,11,0,0,0,0,0,"1.81",7500000,1,0,0,0
"224","Torino","Koffi Djidji","28",0,0,0,6,1,0.5,0.1,"DF",50.7,4,4,5,0.16,10,30,0.05,828,84.5,3989,2,7,2,48,50,56.3,301,32.6,28,48,72,0,0,0,0,0,"1.84",3e+06,0,1,0,0
"225","Torino","Dennis Praet","27",2,2,0,3,0,2.5,4.1,"FW",45,6,0,8,0.51,25,28,0.11,595,74.6,1835,24,26,12,43,22,23.5,227,27.3,16,13,3,0,0,0,0,0,"1.81",1.3e+07,1,0,0,0
"226","Torino","Ola Aina","24",0,0,0,4,0,0.3,1.4,"DF",42,4,12,-2,-0.11,10,40,0.03,757,72.1,4260,17,21,5,67,32,68,168,32.1,25,33,33,0,0,0,0,0,"1.84",3500000,0,1,0,0
"227","Torino","Andrea Belotti","27",8,1,3,1,0,7.6,1,"FW",40.1,6,1,-2,-0.06,55,29.1,0.1,359,70.8,490,8,5,0,16,10,30,194,27.8,14,7,7,0,0,0,0,0,"1.81",2e+07,1,0,0,0
"228","Torino","Rolando Mandragora","24",0,2,0,7,1,1.2,2.7,"MF",38.6,5,4,7,0.23,23,21.7,0.05,765,84.2,3238,29,9,2,59,19,35.3,195,30.3,21,16,20,0,0,0,0,0,"1.83",1e+07,0,0,1,0
"229","Torino","David Zima","20",0,0,0,3,0,0.7,0.4,"DF",38.4,7,15,1,-0.04,6,50,0.11,605,86.3,2244,4,3,0,17,19,37.5,181,33.1,23,33,60,2,0,0,0,0,"1.9",7e+06,0,1,0,0
"230","Torino","Marko Pjaca","26",3,0,0,0,0,1.9,1.1,"MF",33.6,11,7,-1,0.01,21,42.9,0.09,426,77.2,1232,15,19,7,38,12,57.1,148,30.4,13,8,4,0,0,0,0,0,"1.86",3500000,0,0,1,0
"231","Torino","Alessandro Buongiorno","22",0,1,0,5,0,0.5,0.7,"DF",34.5,11,13,6,-0.15,5,20,0.11,545,81.1,2406,5,1,1,27,23,62.5,168,34.5,16,35,47,0,0,0,0,0,"1.94",4e+06,0,1,0,0
"232","Torino","Karol Linetty","26",0,0,0,2,0,0.9,1.4,"MF",26.2,5,20,1,-0.13,13,15.4,0.07,284,79.9,827,15,6,0,19,13,28.6,193,28,9,8,3,0,0,0,0,0,"1.76",3500000,0,0,1,0
"233","Torino","Etrit Berisha","32",0,0,0,1,0,0,0,"GK",26.3,0,26,-1,-0.19,0,0,0,320,52.8,3829,0,0,0,0,0,0,5,0,0,0,0,2,8,38,84.2,4,"1.94",8e+05,0,0,0,1
"234","Torino","Samuele Ricci","19",0,0,0,1,0,0.4,0.5,"MF",21.1,3,4,2,0.08,4,25,0.1,380,91.6,1353,6,1,0,23,8,33.3,115,29.6,11,18,12,0,0,0,0,0,"1.8",1.2e+07,0,0,1,0
"235","Torino","Armando Izzo","29",0,0,0,4,0,0.4,0,"DF",15.4,5,21,-2,-0.46,5,60,0.09,294,79.9,1306,0,2,0,9,16,75,66,33.3,7,18,30,0,0,0,0,0,"1.83",2800000,0,1,0,0
"236","Torino","Cristian Ansaldi","34",0,3,0,2,0,0.3,1.4,"DF",20.2,14,10,0,-0.57,7,14.3,0.04,413,70.9,2975,16,15,11,47,21,78.6,87,27.6,13,5,10,0,0,0,0,0,"1.81",7e+05,0,1,0,0
"237","Torino","Tomás Rincón","33",0,0,0,2,0,0,0,"MF",4.8,6,11,2,-0.57,0,0,0,93,83.9,273,2,0,0,7,2,0,26,11.5,2,2,4,0,0,0,0,0,"1.77",1e+06,0,0,1,0
"238","Torino","Demba Seck","20",0,0,0,0,0,0.6,0,"FW",4.3,5,9,3,1.32,4,75,0.15,44,81.8,79,0,2,0,2,2,0,26,38.5,2,0,0,0,0,0,0,0,"1.9",3e+06,1,0,0,0
"239","Torino","Luca Gemello","21",0,0,0,0,0,0,0,"GK",2.6,0,27,4,1.14,0,0,0,34,44.1,468,0,0,0,0,0,0,0,0,0,0,0,0,0,4,100,1,"1.9",3e+05,0,0,0,1
"240","Torino","Daniele Baselli","29",0,0,0,0,0,0.3,0,"MF",4.4,6,11,-5,-0.56,1,0,0.29,87,73.6,364,1,0,0,3,2,20,34,29.4,1,3,4,0,0,0,0,0,"1.82",1400000,0,0,1,0
"241","Torino","Simone Zaza","30",0,0,0,1,0,1,0,"FW",3.8,10,6,0,0.47,9,33.3,0.11,44,77.3,88,0,1,0,2,3,100,20,40,1,0,5,0,0,0,0,0,"1.86",1e+06,1,0,0,0
"242","Torino","Ben Lhassine Kone","21",0,0,0,0,0,0,0.1,"MF",2.4,1,12,-1,-1.06,0,0,0,36,83.3,123,2,0,0,3,3,100,26,26.9,0,1,2,0,0,0,0,0,"1.72",450000,0,0,1,0
"243","Torino","Magnus Warming","21",0,0,0,0,0,0,0,"FW",1.7,4,23,0,0.24,0,0,0,21,52.4,14,0,0,0,1,3,0,15,33.3,0,0,0,0,0,0,0,0,"1.88",9e+05,1,0,0,0
"244","Torino","Simone Verdi","29",1,0,0,0,0,0.3,0,"FW",1.3,3,6,1,-0.77,2,50,0.16,17,52.9,40,1,0,0,0,2,0,7,42.9,0,1,0,0,0,0,0,0,"1.74",5e+06,1,0,0,0
"245","Sassuolo","Andrea Consigli","34",0,0,0,2,0,0,0.1,"GK",97.1,0,0,1,0.22,0,0,0,1466,78.2,17223,1,1,0,0,0,0,7,14.3,0,0,1,3,63,159,65.4,3,"1.89",1500000,0,0,0,1
"246","Sassuolo","Gian Marco Ferrari","29",1,0,0,6,1,1.9,0.4,"DF",91.3,1,1,-4,0.24,25,36,0.07,2226,90.5,15267,5,9,1,135,22,48,184,34.8,50,62,123,1,0,0,0,0,"1.89",7e+06,0,1,0,0
"247","Sassuolo","Davide Frattesi","21",4,3,0,6,0,6.6,3.5,"MF",83.5,1,0,3,-0.17,66,28.8,0.1,1265,83.7,4309,26,24,4,110,51,35.6,516,27.7,55,45,50,2,0,0,0,0,"1.84",2e+07,0,0,1,0
"248","Sassuolo","Domenico Berardi","26",15,14,6,9,0,12.4,8.5,"FW",82.4,0,0,7,0.73,103,38.8,0.08,1416,71.8,6257,77,57,7,191,29,28.6,549,24.4,45,51,25,0,0,0,0,0,"1.83",3.5e+07,1,0,0,0
"249","Sassuolo","Giacomo Raspadori","21",10,4,0,9,1,7.3,3.8,"MF",80.1,4,0,4,0.37,72,34.7,0.1,1076,78.5,2484,46,35,2,71,34,25.9,426,27.5,27,23,12,1,0,0,0,0,"1.72",2.8e+07,0,0,1,0
"250","Sassuolo","Gianluca Scamacca","22",16,0,1,7,0,10.8,2.5,"FW",62.7,11,0,2,-0.02,78,46.2,0.13,564,74.6,1093,26,13,1,32,21,50,342,24.3,16,9,20,0,0,0,0,0,"1.95",3e+07,1,0,0,0
"251","Sassuolo","Mert Müldür","22",0,0,0,5,0,0.6,1.2,"DF",59.8,7,6,-8,-0.57,9,44.4,0.07,1197,80.9,7140,13,19,5,95,51,57.8,258,31.8,43,32,51,1,0,0,0,0,"1.84",7e+06,0,1,0,0
"252","Sassuolo","Hamed Junior Traorè","21",7,2,0,3,0,4.7,3.2,"FW",51.9,10,1,4,0.44,51,43.1,0.09,822,78.3,3349,35,35,4,94,35,24.3,407,22.4,26,25,6,0,0,0,0,0,"1.77",2.2e+07,1,0,0,0
"253","Sassuolo","Rogério","23",0,1,0,5,0,0.4,2.2,"DF",50.6,4,11,-4,0.79,14,28.6,0.03,1139,82.9,5226,26,26,16,61,21,41.2,175,35.4,32,34,39,2,0,0,0,0,"1.78",6e+06,0,1,0,0
"254","Sassuolo","Jeremy Toljan","26",0,1,0,2,0,0.1,1.1,"DF",40.9,5,5,5,0.64,3,33.3,0.02,855,88.3,4179,13,11,4,38,18,61.9,129,36.4,34,22,28,1,0,0,0,0,"1.82",5e+06,0,1,0,0
"255","Sassuolo","Kaan Ayhan","26",1,0,0,2,1,0.3,0,"DF",39.6,9,11,-1,0.32,5,20,0.06,869,90.7,6225,2,2,0,76,22,25,124,30.6,23,24,57,0,0,0,0,0,"1.85",5e+06,0,1,0,0
"256","Sassuolo","Grégoire Defrel","30",2,2,0,3,0,3.9,2.1,"FW",39.8,27,0,-13,-0.47,27,37,0.15,399,85.5,658,22,13,0,24,20,33.3,287,30.7,12,6,10,0,0,0,0,0,"1.79",3e+06,1,0,0,0
"257","Sassuolo","Matheus Henrique","23",0,1,0,3,0,0.3,1.1,"MF",31.5,15,7,2,-0.28,7,0,0.04,614,90.7,2267,14,7,1,43,14,25.9,189,27,15,13,12,0,0,0,0,0,"1.75",1.1e+07,0,0,1,0
"258","Sassuolo","Abdou Harroui","23",0,0,0,2,0,0.5,0.2,"MF",13.2,19,6,-3,0.18,13,15.4,0.04,297,86.5,921,5,0,0,14,12,40,139,26.6,15,7,3,0,0,0,0,0,"1.82",3e+06,0,0,1,0
"259","Sassuolo","Francesco Magnanelli","36",0,0,0,1,0,0.1,0,"MF",7.9,10,22,-5,-0.98,2,0,0.03,253,89.3,964,1,1,0,15,6,36.4,61,24.6,4,4,4,0,0,0,0,0,"1.81",4e+05,0,0,1,0
"260","Sassuolo","Francesco Caputo","33",0,1,0,1,0,0.7,0.4,"FW",4.6,0,0,1,0.31,4,0,0.17,35,80,35,3,1,0,2,0,0,10,20,1,0,0,0,0,0,0,0,"1.81",2500000,1,0,0,0
"261","Sassuolo","Gianluca Pegolo","40",0,0,0,0,0,0,0,"GK",2.6,0,37,-3,-0.24,0,0,0,34,85.3,485,0,0,0,0,0,0,0,0,0,0,0,0,3,5,40,0,"1.83",1e+05,0,0,0,1
"262","Sassuolo","Federico Peluso","37",0,0,0,0,0,0,0,"DF",0.3,2,33,0,-0.94,0,0,0,3,100,21,0,0,0,1,1,100,2,50,0,0,0,0,0,0,0,0,"1.88",3e+05,0,1,0,0
"263","Sassuolo","Giacomo Satalino","22",0,0,0,0,0,0,0,"GK",0.2,1,28,0,0.07,0,0,0,1,100,16,0,0,0,0,0,0,0,0,0,0,0,0,0,1,100,0,"1.88",2e+05,0,0,0,1
"264","Sassuolo","Luigi Samele","19",0,1,0,0,0,0,0.4,"FW",0.1,2,3,1,8.42,0,0,0,3,66.7,4,1,0,0,0,0,0,1,0,0,0,1,0,0,0,0,0,"1.86",250000,1,0,0,0
"265","Sassuolo","Edoardo Goldaniga","27",0,0,0,0,0,0,0,"MF",0,1,12,0,-5.42,0,0,0,1,100,17,0,0,0,0,0,0,0,0,0,0,1,0,0,0,0,0,"1.93",1e+06,0,0,1,0
"266","Udinese","Marco Silvestri","30",0,0,0,1,0,0,0.1,"GK",92.1,0,0,5,0.99,0,0,0,946,67.4,13444,2,0,0,0,0,0,4,0,0,0,1,1,50,133,66.2,7,"1.91",5e+06,0,0,0,1
"267","Udinese","Rodrigo Becão","25",2,1,0,10,0,1.1,0.8,"DF",91.5,0,0,8,0.67,19,26.3,0.06,1398,79.7,7922,9,5,1,51,95,52.6,459,41.2,53,59,105,3,0,0,0,0,"1.91",6e+06,0,1,0,0
"268","Udinese","Walace","26",1,0,0,6,1,1.4,2.1,"MF",86.8,3,0,1,-0.07,47,23.4,0.03,1649,82.6,7164,26,17,2,127,92,39.3,588,35.9,48,86,39,1,0,0,0,0,"1.88",5e+06,0,0,1,0
"269","Udinese","Nahuel Molina","23",7,2,0,7,1,4.1,3.7,"DF",77.1,4,0,4,0.11,45,35.6,0.09,1236,71,6560,38,48,20,108,45,40,404,23,48,35,37,1,0,0,0,0,"1.75",2e+07,0,1,0,0
"270","Udinese","Gerard Deulofeu","27",13,5,1,9,0,8.5,7,"FW",76.5,3,0,-3,-0.85,76,43.4,0.1,1106,69.8,5007,79,80,8,134,16,12.5,491,30.8,24,27,4,0,0,0,0,0,"1.77",1.5e+07,1,0,0,0
"271","Udinese","Jean-Victor Makengo","23",1,3,0,7,1,2.3,2,"MF",68.7,7,2,4,0.16,32,31.3,0.07,852,83.2,2717,26,15,3,59,30,39.5,310,38.1,40,32,14,1,0,0,0,0,"1.77",7500000,0,0,1,0
"272","Udinese","Beto","23",11,0,0,1,0,10.6,1.5,"FW",63.5,4,0,-3,-0.2,64,40.6,0.17,375,71.2,645,17,7,1,22,16,33.3,369,26.3,25,9,23,0,0,0,0,0,"1.94",1e+07,1,0,0,0
"273","Udinese","Bram Nuytinck","31",1,0,0,2,0,1.2,0.2,"DF",59.4,4,6,1,-0.19,10,30,0.12,927,85,5268,2,2,1,27,39,39.4,237,32.1,59,33,106,0,0,0,0,0,"1.9",3500000,0,1,0,0
"274","Udinese","Roberto Pereyra","30",3,5,1,10,1,4.5,3.2,"MF",52.5,2,1,4,0.21,28,25,0.11,840,85.6,3123,27,29,2,79,14,25,306,22.2,29,20,7,0,0,0,0,0,"1.82",6500000,0,0,1,0
"275","Udinese","Tolgay Arslan","30",1,0,0,9,0,1.2,1.7,"MF",48.5,8,6,6,-0.08,23,39.1,0.05,681,80.3,2507,17,8,1,57,32,26.1,330,26.7,27,32,23,0,0,0,0,0,"1.8",2300000,0,0,1,0
"276","Udinese","Nehuén Pérez","21",0,1,0,6,0,1.2,0.5,"DF",49.5,1,12,-1,-0.33,10,10,0.12,770,78.1,4704,6,3,0,32,53,60.6,274,33.2,38,29,51,0,0,0,0,0,"1.84",6e+06,0,1,0,0
"277","Udinese","Pablo Marí","27",2,0,0,2,1,0.6,0.8,"DF",39.2,0,2,3,0.12,10,50,0.06,603,71.1,3739,3,0,0,20,18,53.8,139,35.3,30,37,89,0,0,0,0,0,"1.93",5e+06,0,1,0,0
"278","Udinese","Ignacio Pussetto","25",4,4,1,4,0,4.9,2.6,"FW",35.2,17,7,-8,0,31,38.7,0.13,294,69.7,867,14,6,3,23,20,16.7,246,27.6,26,7,10,0,0,0,0,0,"1.8",3e+06,1,0,0,0
"279","Udinese","Isaac Success","25",2,6,0,1,1,2.5,3,"FW",26.6,11,2,0,0.01,25,52,0.1,286,63.3,785,17,6,1,19,3,0,106,28.3,7,1,4,0,0,0,0,0,"1.82",3e+06,1,0,0,0
"280","Udinese","Jens Stryger Larsen","30",0,1,0,0,0,0.7,0.9,"DF",20,3,0,-5,-0.6,9,44.4,0.08,291,75.3,1479,11,5,2,11,5,28.6,62,22.6,8,8,10,0,0,0,0,0,"1.8",2e+06,0,1,0,0
"281","Udinese","Brandon Soppy","19",0,0,0,4,0,0.4,0.2,"DF",22.7,21,8,1,-0.33,6,33.3,0.07,233,71.2,966,5,7,1,18,24,60.9,169,28.4,15,11,5,1,0,0,0,0,"1.81",5e+06,0,1,0,0
"282","Udinese","Marvin Zeegelaar","30",0,0,0,2,0,0.2,0,"DF",18.8,8,22,-6,0.2,3,0,0.06,303,77.9,1865,2,1,0,18,22,50,103,36.9,14,21,18,0,0,0,0,0,"1.86",8e+05,0,1,0,0
"283","Udinese","Mato Jajalo","33",0,1,0,2,0,0.5,0.7,"MF",18.4,16,15,3,0.74,5,0,0.09,324,78.7,1189,8,9,0,28,19,33.3,124,33.1,13,12,8,0,0,0,0,0,"1.82",4e+05,0,0,1,0
"284","Udinese","Daniele Padelli","35",0,0,0,0,0,0,0,"GK",7.9,0,34,-2,-0.99,0,0,0,111,72.1,1112,0,0,0,0,0,0,0,0,0,0,0,1,8,23,65.2,1,"1.91",4e+05,0,0,0,1
"285","Udinese","Sebastien De Maio","34",0,0,0,0,0,0,0.3,"DF",5.3,0,17,-6,-1.53,0,0,0,75,70.7,529,1,0,0,2,6,11.1,34,35.3,6,5,6,0,0,0,0,0,"1.9",350000,0,1,0,0
"286","Udinese","Lazar Samardzic","19",2,2,0,0,0,1.1,1.8,"MF",14.3,21,15,5,0.36,17,35.3,0.06,267,78.7,1265,19,6,0,23,18,40,170,35.9,7,4,2,0,0,0,0,0,"1.84",3500000,0,0,1,0
"287","Udinese","Ilija Nestorovski","31",1,0,0,1,0,0.7,0.8,"FW",5.5,6,21,8,1.01,5,20,0.14,66,68.2,268,3,2,1,6,2,33.3,29,24.1,5,0,2,0,0,0,0,0,"1.82",7e+05,1,0,0,0
"288","Udinese","Fernando Forestieri","31",2,1,0,1,0,1,0.1,"FW",1.7,4,12,4,2.65,3,66.7,0.32,23,69.6,84,1,1,0,4,1,50,7,42.9,0,1,1,0,0,0,0,0,"1.72",875000,1,0,0,0
"289","Udinese","Simone Pafundi","15",0,0,0,0,0,0.1,0.1,"FW",0.7,1,1,0,-1.68,1,100,0.08,12,83.3,42,1,0,0,1,0,0,4,25,0,0,0,0,0,0,0,0,"0",0,1,0,0,0
"290","Udinese","Stefano Okaka","31",0,1,0,1,0,0,0,"FW",0.6,2,0,2,4.87,1,0,0.02,5,100,22,0,0,0,1,1,0,5,40,1,0,1,1,0,0,0,0,"1.86",2900000,1,0,0,0
"291","Udinese","Riccardo Pinzi","17",0,0,0,0,0,0,0,"MF",0,1,3,0,-3.83,0,0,0,2,50,0,0,0,0,0,0,0,3,0,0,0,0,0,0,0,0,0,"0",1e+05,0,0,1,0
"292","Bologna","Aaron Hickey","19",5,1,0,7,0,1.1,1.4,"DF",82.5,2,0,-8,-0.03,21,61.9,0.05,1305,81.8,5361,18,22,9,51,45,59.3,401,27.4,66,39,46,0,0,0,0,0,"1.85",1.8e+07,0,1,0,0
"293","Bologna","Gary Medel","33",0,1,0,10,1,0.3,0,"DF",82.5,1,1,-11,-0.05,2,0,0.14,1649,89.6,11302,1,4,1,59,34,40,286,35,50,62,128,0,0,0,0,0,"1.71",1e+06,0,1,0,0
"294","Bologna","Roberto Soriano","30",0,4,0,6,2,1.9,4.2,"MF",76.7,3,0,-4,0.68,25,32,0.07,1258,82,5354,45,43,11,129,63,38.5,543,30.9,41,33,35,0,0,0,0,0,"1.82",5e+06,0,0,1,0
"295","Bologna","Mattias Svanberg","22",3,3,0,7,0,2,3.4,"MF",75,5,1,-17,-0.62,39,33.3,0.05,1063,74,4215,35,28,7,84,45,25.5,466,26.4,52,32,28,2,0,0,0,0,"1.85",1.5e+07,0,0,1,0
"296","Bologna","Arthur Theate","21",2,1,0,6,0,1.5,0.3,"DF",70.9,3,3,-7,-0.36,21,28.6,0.07,1477,83.8,8688,6,8,2,87,41,45.9,327,30.9,45,71,68,0,0,0,0,0,"1.86",1.5e+07,0,1,0,0
"297","Bologna","Lorenzo De Silvestri","33",3,2,0,7,0,2,2.1,"DF",67.1,4,1,-14,-0.06,16,37.5,0.12,1346,74.2,8530,21,25,13,100,29,32.4,253,28.9,52,30,54,2,0,0,0,0,"1.86",1500000,0,1,0,0
"298","Bologna","Adama Soumaoro","29",0,0,0,6,2,0.9,0.1,"DF",66.3,2,5,1,0.34,7,14.3,0.12,1055,89.9,5743,1,3,1,56,17,42.9,165,37,35,44,90,0,0,0,0,0,"1.86",4e+06,0,1,0,0
"299","Bologna","Musa Barrow","22",6,6,0,0,0,5.4,4.4,"FW",62.4,9,1,-8,0.14,72,38.9,0.08,939,76,3087,44,44,12,68,16,36.4,322,20.8,22,15,6,0,0,0,0,0,"1.84",1.8e+07,1,0,0,0
"300","Bologna","Nicolás Domínguez","23",0,3,0,8,0,1.6,2.2,"MF",58.9,5,1,0,0.5,22,18.2,0.07,1196,82.1,4944,27,30,3,100,78,42.9,571,29.4,45,45,31,1,0,0,0,0,"1.79",1.3e+07,0,0,1,0
"301","Bologna","Riccardo Orsolini","24",6,3,2,2,0,6.2,1.9,"FW",52.2,8,8,-3,-0.19,53,28.3,0.09,746,66.5,2904,23,22,13,64,23,38.7,255,26.3,17,8,11,0,0,0,0,0,"1.83",1e+07,1,0,0,0
"302","Bologna","Jerdy Schouten","24",1,1,0,4,1,0.2,0.6,"MF",40.7,1,1,-5,-0.1,6,16.7,0.03,801,84.3,3729,13,13,0,73,31,30,251,37.1,32,41,30,0,0,0,0,0,"1.85",9e+06,0,0,1,0
"303","Bologna","Kevin Bonifazi","25",0,0,0,4,1,0.7,0.8,"DF",35.4,8,8,-2,0.03,9,0,0.08,673,82.6,4193,4,3,1,47,25,57.9,142,38.7,24,23,54,0,0,0,0,0,"1.87",3800000,0,1,0,0
"304","Bologna","Mitchell Dijks","28",0,2,0,2,0,0.6,0.4,"DF",20.3,9,14,-3,0.13,5,0,0.12,346,76.6,2096,6,4,4,21,22,57.9,148,21.6,12,9,7,1,0,0,0,0,"1.94",2e+06,0,1,0,0
"305","Bologna","Luis Binks","19",0,0,0,3,0,0,0,"DF",18.9,8,22,-6,0.04,2,0,0.02,324,83.6,2078,1,0,0,15,10,83.3,65,32.3,12,21,41,0,0,0,0,0,"1.9",1500000,0,1,0,0
"306","Bologna","Nicola Sansone","29",2,3,0,6,0,3,2.1,"FW",26.2,21,8,-1,0.2,24,25,0.12,336,70.5,1121,18,11,7,18,15,17.6,185,24.9,2,9,3,0,0,0,0,0,"1.73",2e+06,1,0,0,0
"307","Bologna","Andreas Skov Olsen","21",0,2,0,0,0,0.9,0.4,"DF",21.8,12,2,-3,-0.23,7,28.6,0.13,393,76.6,1590,9,7,7,22,12,22.2,108,23.1,14,5,12,0,0,0,0,0,"1.87",1.2e+07,0,1,0,0
"308","Bologna","Michel Aebischer","24",0,0,0,1,0,0.1,0.4,"MF",13,8,4,1,-0.3,2,100,0.07,243,88.9,926,6,5,1,16,15,50,128,21.1,5,5,3,0,0,0,0,0,"1.83",3500000,0,0,1,0
"309","Bologna","Emanuel Vignato","20",0,1,0,2,0,0.2,1.7,"MF",17.4,21,11,-3,-0.18,5,20,0.05,402,83.6,1632,11,12,3,37,16,33.3,113,31,5,3,6,0,0,0,0,0,"1.75",5e+06,0,0,1,0
"310","Bologna","Francesco Bardi","29",0,0,0,0,0,0,0,"GK",5.2,0,36,1,0.06,0,0,0,50,68,527,0,0,0,0,0,0,0,0,0,0,0,0,2,9,77.8,1,"1.88",6e+05,0,0,0,1
"311","Bologna","Denso Kasius","18",0,0,0,0,0,0.1,0.4,"DF",5.3,6,8,-2,0.01,2,50,0.05,121,85.1,515,5,3,1,6,10,40,39,35.9,6,5,6,0,0,0,0,0,"1.83",2e+06,0,1,0,0
"312","Bologna","Ibrahima Mbaye","26",0,0,0,0,0,0,0,"DF",3.2,5,24,-3,-2.19,0,0,0,49,71.4,296,0,0,0,3,1,50,14,7.1,2,1,8,0,0,0,0,0,"1.88",7e+05,0,1,0,0
"313","Bologna","Nicolas Viola","31",0,0,0,0,0,0,0,"MF",3,5,18,-2,-1.7,1,0,0.04,62,69.4,227,0,0,0,3,4,33.3,25,32,1,2,0,0,0,0,0,0,"1.8",6e+05,0,0,1,0
"314","Bologna","Kingsley Michael","21",0,0,0,0,0,0,0,"MF",2.2,1,1,1,0.09,1,100,0.01,28,85.7,69,0,0,0,2,2,50,19,31.6,4,1,1,0,0,0,0,0,"1.76",4e+05,0,0,1,0
"315","Bologna","Antonio Raimondo","17",0,0,0,0,0,0.1,0,"FW",2.2,0,3,1,0.61,2,50,0.05,13,76.9,8,0,0,0,0,0,0,20,20,0,0,1,0,0,0,0,0,"1.85",0,1,0,0,0
"316","Bologna","Wisdom Amey","15",0,0,0,0,0,0,0,"DF",2.1,0,4,1,0.71,0,0,0,29,69,52,0,0,0,0,2,0,10,30,1,2,3,0,0,0,0,0,"1.87",0,0,1,0,0
"317","Bologna","Federico Santander","30",1,0,0,1,0,0.4,0.1,"FW",2,7,16,0,1.22,2,50,0.2,30,66.7,67,1,1,1,3,2,0,17,23.5,1,1,0,0,0,0,0,0,"1.87",6e+05,1,0,0,0
"318","Bologna","Diego Falcinelli","30",0,0,0,0,0,0.4,0,"FW",1.9,6,6,-1,0.67,5,0,0.08,21,61.9,19,0,0,0,0,4,100,22,31.8,0,2,1,0,0,0,0,0,"1.86",8e+05,1,0,0,0
"319","Bologna","Riccardo Stivanello","17",0,0,0,0,0,0,0,"DF",1.3,1,4,1,0.26,0,0,0,10,90,142,0,0,0,0,2,100,7,42.9,2,0,8,0,0,0,0,0,"1.88",0,0,1,0,0
"320","Bologna","Kacper Urbanski","16",0,0,0,0,0,0,0,"MF",1.3,1,0,1,0.26,0,0,0,26,76.9,66,0,0,0,1,2,100,12,41.7,3,0,0,0,0,0,0,0,"1.78",2e+05,0,0,1,0
"321","Bologna","Sydney van Hooijdonk","21",0,0,0,0,0,0,0,"FW",1.1,4,18,1,-0.94,0,0,0,17,94.1,34,1,0,0,0,1,0,15,0,1,0,0,0,0,0,0,0,"1.9",1300000,1,0,0,0
"322","Bologna","Ebenezer Annan","18",0,0,0,0,0,0,0,"DF",0.7,1,2,-1,-0.26,0,0,0,11,36.4,27,0,0,0,0,2,0,5,0,0,2,0,0,0,0,0,0,"1.78",2e+05,0,1,0,0
"323","Bologna","Niklas Pyyhtiä","17",0,0,0,0,0,0,0,"MF",0.6,1,4,0,1.57,0,0,0,22,81.8,88,0,1,0,3,1,0,6,16.7,1,0,0,0,0,0,0,0,"1.86",4e+05,0,0,1,0
"324","Bologna","Takehiro Tomiyasu","22",0,0,0,0,0,0,0,"DF",0.3,1,0,0,-0.03,0,0,0,3,100,83,1,1,1,0,0,0,2,0,1,1,0,0,0,0,0,0,"1.88",2.5e+07,0,1,0,0
"325","Bologna","Nicola Bagnolini","17",0,0,0,0,0,0,0,"GK",0.1,1,9,0,3.26,0,0,0,4,0,0,0,0,0,0,0,0,0,0,0,0,0,0,0,1,100,1,"1.93",0,0,0,0,1
"326","Empoli","Guglielmo Vicario","24",0,0,0,1,0,0,0,"GK",100,0,0,-20,0,0,0,0,1323,78.2,17167,1,0,0,0,0,0,4,50,1,0,0,0,70,209,68.9,7,"1.94",1e+07,0,0,0,1
"327","Empoli","Andrea Pinamonti","22",13,2,4,4,0,11.9,2.3,"FW",83.9,4,0,-15,0.59,86,25.6,0.1,653,61.7,1268,25,18,3,37,13,6.7,396,23.2,24,10,25,0,0,0,0,0,"1.85",2e+07,1,0,0,0
"328","Empoli","Filippo Bandinelli","26",2,3,0,10,0,2.6,3.1,"MF",57.2,11,0,-21,-0.07,40,30,0.06,756,75.7,3488,33,43,16,89,50,41.2,441,24.7,27,26,32,0,0,0,0,0,"1.8",3e+06,0,0,1,0
"329","Empoli","Nedim Bajrami","22",6,5,3,3,0,6.2,5.2,"MF",60.1,12,3,-6,0.84,51,35.3,0.08,884,71,3484,55,47,10,90,35,30.8,328,26.8,16,8,10,0,0,0,0,0,"1.79",1e+07,0,0,1,0
"330","Empoli","Liam Henderson","25",2,3,0,4,0,2.5,3.4,"MF",59.1,15,0,-14,-0.52,42,35.7,0.06,851,70.6,3663,42,26,8,77,23,26.3,475,18.1,25,9,17,0,0,0,0,0,"1.83",2800000,0,0,1,0
"331","Empoli","Sebastiano Luperto","24",0,1,0,8,1,0.9,0.5,"DF",57.3,2,8,-10,-0.02,9,33.3,0.09,971,85.1,6119,7,5,0,60,30,50,204,31.4,47,55,149,0,0,0,0,0,"1.91",3e+06,0,1,0,0
"332","Empoli","Simone Romagnoli","31",2,0,0,3,0,1.4,0.3,"DF",43.8,2,14,-7,0.29,5,40,0.28,772,78.9,5726,5,8,0,47,26,66.7,177,32.2,41,22,95,0,0,0,0,0,"1.93",1e+06,0,1,0,0
"333","Empoli","Federico Di Francesco","27",5,0,0,2,0,2.4,1,"FW",40,9,4,-2,0.01,25,32,0.1,385,67,1348,15,13,1,40,14,19,280,27.9,18,11,8,0,0,0,0,0,"1.71",2e+06,1,0,0,0
"334","Empoli","Mattia Viti","19",0,0,0,3,1,0.5,0,"DF",43.6,4,14,0,-0.29,3,0,0.18,684,83.6,3436,2,0,0,42,36,58.3,226,31.9,41,36,69,0,0,0,0,0,"1.9",7e+06,0,1,0,0
"335","Empoli","Fabiano Parisi","20",0,1,0,5,0,0.8,0.6,"DF",43.2,9,7,-5,0.07,17,29.4,0.05,792,75.6,4988,10,22,0,76,40,37,279,34.1,44,54,27,0,0,0,0,0,"1.78",4500000,0,1,0,0
"336","Empoli","Riccardo Marchizza","23",0,1,0,4,0,0.3,1.6,"DF",39.4,3,3,-14,0.13,8,12.5,0.04,649,71.3,3372,12,16,9,47,20,43.8,211,26.1,27,18,28,0,0,0,0,0,"1.86",2e+06,0,1,0,0
"337","Empoli","Patrick Cutrone","23",3,0,0,1,0,4.7,0.9,"FW",41,13,9,-6,0.05,51,29.4,0.09,253,68,548,9,7,1,16,8,40,221,21.3,11,8,3,0,0,0,0,0,"1.83",3500000,1,0,0,0
"338","Empoli","Kristjan Asllani","19",1,1,0,2,0,0.8,1.1,"MF",39.6,9,10,-11,-0.27,16,37.5,0.05,746,82.7,3458,8,4,1,51,27,37,255,23.9,19,34,21,0,0,0,0,0,"1.75",1e+07,0,0,1,0
"339","Empoli","Ardian Ismajli","24",0,0,0,7,0,0.3,0.1,"DF",37.2,7,13,-17,-0.48,5,20,0.07,708,85.6,4474,2,4,0,43,17,43.8,152,30.9,24,25,83,0,0,0,0,0,"1.85",1800000,0,1,0,0
"340","Empoli","Nicolas Haas","25",0,2,0,3,0,0.3,0.9,"MF",29.3,5,1,0,0.37,7,28.6,0.05,477,78.4,2076,13,16,4,51,40,43.2,258,27.9,26,10,15,0,0,0,0,0,"1.78",3e+06,0,0,1,0
"341","Empoli","Lorenzo Tonelli","31",0,0,0,4,0,0.4,0.2,"DF",25.4,6,11,-5,0.02,7,42.9,0.06,550,84.5,3966,5,6,0,45,17,14.3,108,37,16,16,38,1,0,0,0,0,"1.83",1e+06,0,1,0,0
"342","Empoli","Riccardo Fiamozzi","28",0,1,0,1,0,0,0.5,"DF",18.1,3,22,-7,-0.46,0,0,0,388,75.3,2686,5,6,2,38,8,100,52,36.5,13,10,11,1,0,0,0,0,"1.75",5e+05,0,1,0,0
"343","Empoli","Liberato Cacace","20",0,0,0,1,0,0,0,"DF",13.6,5,5,-4,-0.18,1,0,0.03,237,82.7,1382,1,0,0,17,17,70,94,30.9,6,14,9,0,0,0,0,0,"1.83",2500000,0,1,0,0
"344","Empoli","Leonardo Mancuso","29",1,0,0,0,0,2.2,0.4,"FW",12.4,3,14,-7,-0.2,12,41.7,0.18,79,67.1,186,4,6,2,5,1,0,34,23.5,3,3,3,0,0,0,0,0,"1.82",2700000,1,0,0,0
"345","Empoli","Valerio Verre","27",0,1,0,2,1,0.7,0.7,"MF",9.1,4,4,-3,0.43,9,44.4,0.07,166,73.5,653,6,8,0,22,8,42.9,73,31.5,1,3,1,0,0,0,0,0,"1.81",2500000,0,0,1,0
"346","Empoli","Andrea La Mantia","30",2,0,0,0,0,1.9,0.3,"FW",14.3,15,20,-1,0.56,17,17.6,0.11,98,71.4,214,7,1,0,11,2,0,41,17.1,3,2,6,0,0,0,0,0,"1.9",1300000,1,0,0,0
"347","Empoli","Tommaso Baldanzi","18",0,0,0,0,0,0,0,"FW",0.5,1,5,1,-8.54,0,0,0,7,71.4,0,1,0,0,0,0,0,5,40,1,0,0,0,0,0,0,0,"1.7",8e+05,1,0,0,0
"348","Empoli","Giovanni Crociata","23",0,0,0,0,0,0.1,0,"FW",0.4,1,0,0,1.2,1,0,0.05,9,77.8,18,0,1,0,1,0,0,10,20,0,0,0,0,0,0,0,0,"1.74",550000,1,0,0,0
"349","Sampdoria","Antonio Candreva","34",7,10,1,6,1,6,6.7,"MF",91.2,0,0,-12,1.05,72,27.8,0.06,1935,66.8,9509,76,72,25,180,27,23.5,389,27,47,51,10,0,0,0,0,0,"1.8",2500000,0,0,1,0
"350","Sampdoria","Morten Thorsby","25",3,1,0,10,0,3.4,1.1,"MF",86.1,0,0,-17,-0.19,26,26.9,0.13,1002,73.5,3244,13,12,0,82,50,38.1,620,30.5,58,33,56,0,0,0,0,0,"1.89",7e+06,0,0,1,0
"351","Sampdoria","Omar Colley","28",0,0,0,6,1,1.4,0,"DF",80.3,1,0,-5,0.64,11,9.1,0.13,1425,84.2,7459,0,1,0,73,54,58.1,270,37,49,99,146,2,0,0,0,0,"1.91",4500000,0,1,0,0
"352","Sampdoria","Emil Audero","24",0,0,0,2,0,0,0.4,"GK",74.9,0,7,-12,-0.08,0,0,0,999,69.4,14943,2,0,0,0,0,0,5,20,0,0,0,0,48,131,64.1,5,"1.92",6e+06,0,0,0,1
"353","Sampdoria","Tommaso Augello","26",1,1,0,0,0,0.4,1.9,"DF",70,11,0,-7,0.3,7,28.6,0.06,1384,76.7,8766,18,33,13,119,45,48.1,255,30.6,47,46,57,1,0,0,0,0,"1.8",3500000,0,1,0,0
"354","Sampdoria","Alex Ferrari","27",1,0,0,4,0,0.5,0,"DF",48,3,15,-5,0.01,4,25,0.11,813,84.6,4254,2,4,0,37,44,55.3,239,36.8,42,54,68,3,0,0,0,0,"1.91",1800000,0,1,0,0
"355","Sampdoria","Maya Yoshida","32",2,3,0,2,0,0.8,1.3,"DF",53.3,7,5,-15,-0.03,10,50,0.08,930,85.2,5733,6,5,1,41,19,36.4,152,30.3,37,48,79,1,0,0,0,0,"1.89",1500000,0,1,0,0
"356","Sampdoria","Fabio Quagliarella","38",4,2,1,2,0,4.2,2.1,"FW",48.7,14,3,-12,-0.36,57,17.5,0.06,472,68.2,1257,20,17,5,32,5,0,294,24.1,14,11,12,0,0,0,0,0,"1.8",1e+06,1,0,0,0
"357","Sampdoria","Albin Ekdal","32",1,0,0,11,1,0.7,0.4,"MF",47.9,7,5,-7,-0.27,14,14.3,0.05,721,80.9,2624,6,7,0,69,45,40,350,30.9,39,40,30,0,0,0,0,0,"1.86",1e+06,0,0,1,0
"358","Sampdoria","Manolo Gabbiadini","29",6,2,0,3,0,3.9,1.7,"FW",33.3,3,0,-4,0.2,44,47.7,0.09,340,66.2,1106,16,14,4,33,10,10,122,20.5,8,5,10,0,0,0,0,0,"1.86",4e+06,1,0,0,0
"359","Sampdoria","Nicola Murru","26",1,0,0,5,0,0.1,0.4,"DF",28.7,9,15,-9,-0.32,3,33.3,0.03,469,66.7,2861,7,9,4,41,29,66.7,154,31.8,28,16,24,0,0,0,0,0,"1.8",2e+06,0,1,0,0
"360","Sampdoria","Adrien Silva","32",0,1,0,3,1,0.3,0.5,"MF",31.7,5,0,0,0.77,8,25,0.03,605,85,2494,8,6,2,48,35,40.6,234,32.5,21,32,21,0,0,0,0,0,"1.75",2e+06,0,0,1,0
"361","Sampdoria","Abdelhamid Sabiri","24",3,2,0,3,0,1.1,1.2,"MF",26.1,5,1,-2,-0.03,16,56.3,0.07,345,75.7,1141,11,7,1,25,32,38.5,260,25.8,10,8,6,0,0,0,0,0,"1.86",3e+06,0,0,1,0
"362","Sampdoria","Wladimiro Falcone","26",0,0,0,2,0,0,0,"GK",25,1,27,-4,0.19,0,0,0,358,69.8,4587,0,0,0,0,0,0,1,0,0,0,1,0,14,53,75.5,2,"1.95",3e+06,0,0,0,1
"363","Sampdoria","Kristoffer Askildsen","20",0,0,0,5,0,0.3,0.2,"MF",22,12,13,-5,0.09,7,0,0.04,228,68.4,879,2,2,0,22,16,43.8,138,26.8,22,18,19,0,0,0,0,0,"1.9",1800000,0,0,1,0
"364","Sampdoria","Mikkel Damsgaard","21",0,0,0,1,0,0.7,0.4,"MF",16.9,5,2,-1,0.3,11,18.2,0.07,268,75.7,927,11,9,1,30,22,37.9,172,25,13,10,7,0,0,0,0,0,"1.8",1.5e+07,0,0,1,0
"365","Sampdoria","Ronaldo Vieira","23",0,0,0,3,0,0.1,0,"MF",14.5,10,4,0,-0.31,1,0,0.08,287,86.8,951,0,2,0,10,10,30.8,99,28.3,10,8,8,1,0,0,0,0,"1.78",3500000,0,0,1,0
"366","Sampdoria","Julian Chabot","23",0,0,0,5,0,0.1,0,"DF",14.3,7,11,-10,-0.51,3,33.3,0.04,245,82.4,1713,0,1,0,19,14,63.6,80,30,12,12,32,0,0,0,0,0,"1.95",2e+06,0,1,0,0
"367","Sampdoria","Riccardo Ciervo","19",0,1,0,0,0,0.1,0.2,"MF",6.6,9,11,-1,-0.09,3,33.3,0.04,73,71.2,226,4,1,1,3,7,20,43,23.3,2,5,2,0,0,0,0,0,"1.9",1500000,0,0,1,0
"368","Sampdoria","Ernesto Torregrossa","29",0,0,0,1,0,0,0.1,"FW",3.4,10,4,-1,-1.02,0,0,0,46,67.4,131,2,1,0,3,2,0,21,23.8,0,0,1,0,0,0,0,0,"1.84",3e+06,1,0,0,0
"369","Sampdoria","Simone Trimboli","19",0,0,0,1,0,0,0.2,"MF",1.9,5,30,-1,0.56,0,0,0,51,88.2,205,2,2,0,7,3,100,14,42.9,2,1,0,0,0,0,0,0,"1.76",6e+05,0,0,1,0
"370","Sampdoria","Sebastian Giovinco","34",0,0,0,0,0,0,0,"MF",1.1,2,3,0,2,1,0,0.04,10,60,16,0,1,0,1,0,0,9,33.3,0,0,0,0,0,0,0,0,"1.64",5e+05,0,0,1,0
"371","Sampdoria","Gerard Yepes","18",0,0,0,0,0,0,0,"MF",0.6,4,14,0,-3.06,0,0,0,22,86.4,146,0,0,0,1,0,0,8,12.5,1,1,0,0,0,0,0,0,"1.7",5e+05,0,0,1,0
"372","Sampdoria","Nicola Ravaglia","32",0,0,0,0,0,0,0,"GK",0.1,1,34,-1,-13.72,0,0,0,4,50,115,0,0,0,0,0,0,0,0,0,0,0,0,1,0,0,0,"1.84",2e+05,0,0,0,1
"373","Spezia","Emmanuel Gyasi","27",6,0,0,10,0,5.9,1.4,"FW",88.7,1,0,-21,-0.08,39,35.9,0.15,942,82.3,2367,21,18,4,49,58,47.8,433,27.9,36,28,36,1,0,0,0,0,"1.81",2500000,1,0,0,0
"374","Spezia","Giulio Maggiore","23",2,3,0,9,0,3.3,2.8,"MF",82.4,2,0,-18,0.21,42,19,0.08,1139,75.6,4464,34,26,1,108,63,39.1,645,27.3,44,48,32,0,0,0,0,0,"1.84",8500000,0,0,1,0
"375","Spezia","Ivan Provedel","27",0,0,0,2,0,0,0,"GK",80.7,0,7,-19,-0.1,1,100,0.02,1186,62.1,17368,0,1,0,1,0,0,4,50,0,0,1,1,52,155,72.3,7,"1.92",3500000,0,0,0,1
"376","Spezia","Kelvin Amian","23",1,1,0,9,2,2.4,1.2,"DF",77.4,1,1,-20,0.19,26,26.9,0.09,1137,79.2,6667,13,12,3,69,68,57.5,444,34.9,68,48,72,0,0,0,0,0,"1.8",3500000,0,1,0,0
"377","Spezia","Martin Erlic","23",2,0,0,5,0,2.1,0.4,"DF",75.3,0,0,-22,-0.76,15,20,0.14,1048,81.6,5509,5,1,0,25,33,52.2,291,33.7,74,63,128,0,0,0,0,0,"1.93",5500000,0,1,0,0
"378","Spezia","Simone Bastoni","24",3,3,0,5,1,1.7,3.4,"MF",66.9,5,1,-20,-0.22,28,21.4,0.06,1210,73.4,6849,45,30,13,92,60,44.6,521,24.8,52,57,29,0,0,0,0,0,"1.81",7500000,0,0,1,0
"379","Spezia","Arkadiusz Reca","26",0,2,0,3,0,0.6,1.8,"DF",51.8,3,1,-13,0.03,8,50,0.08,889,70.4,5785,12,17,11,59,36,51.3,263,29.7,38,46,46,2,0,0,0,0,"1.87",3e+06,0,1,0,0
"380","Spezia","Jakub Kiwior","21",0,0,0,6,0,0.4,0.2,"MF",57.4,1,8,-11,-0.02,9,44.4,0.04,696,78.9,2551,7,2,0,35,53,36.7,522,29.1,52,44,56,0,0,0,0,0,"1.89",3e+06,0,0,1,0
"381","Spezia","Daniele Verde","25",8,6,1,2,0,5.6,4.9,"FW",57.2,12,2,-15,0.29,54,42.6,0.08,830,69.5,3639,41,26,8,76,15,38.1,191,25.1,21,30,6,0,0,0,0,0,"1.68",5e+06,1,0,0,0
"382","Spezia","Rey Manaj","24",5,0,2,9,0,7.1,1.4,"FW",51.7,11,3,-14,0.44,51,27.5,0.1,449,75.5,845,13,6,1,18,19,35.3,371,23.5,17,6,16,0,0,0,0,0,"1.82",1500000,1,0,0,0
"383","Spezia","Viktor Kovalenko","25",1,3,0,4,0,0.3,1.3,"MF",38.7,10,6,-13,0.01,8,25,0.03,601,76.4,1874,15,9,0,45,17,31.8,223,29.1,24,15,9,0,0,0,0,0,"1.82",3e+06,0,0,1,0
"384","Spezia","Petko Hristov","22",1,1,0,3,0,0.2,0.1,"DF",36.5,4,17,-17,-0.12,2,50,0.11,604,83.4,3659,2,1,0,26,14,33.3,126,30.2,34,24,66,0,0,0,0,0,"1.91",1e+06,0,1,0,0
"385","Spezia","Jacopo Sala","29",1,0,0,3,0,0.1,0.3,"MF",25.7,5,8,-7,0.2,4,50,0.02,478,84.9,1802,6,6,2,40,23,31.6,232,33.2,11,22,8,0,0,0,0,0,"1.81",5e+05,0,0,1,0
"386","Spezia","Kevin Agudelo","22",3,1,0,2,1,2.5,0.8,"MF",36.2,11,0,-7,0.01,22,50,0.11,385,73.8,1221,10,13,3,37,41,42.1,400,22,27,18,4,0,0,0,0,0,"1.78",3500000,0,0,1,0
"387","Spezia","M'Bala Nzola","24",2,1,0,2,0,3,1.4,"FW",31.2,11,5,-8,-0.24,22,59.1,0.14,251,80.1,290,10,3,0,10,7,0,176,22.7,8,2,14,0,0,0,0,0,"1.85",2e+06,1,0,0,0
"388","Spezia","Janis Antiste","18",1,0,0,0,0,1.4,0.3,"FW",23.3,9,17,-15,0.58,11,18.2,0.13,212,65.6,412,4,7,3,8,18,29.4,200,28.5,9,8,8,1,0,0,0,0,"1.82",4e+06,1,0,0,0
"389","Spezia","Jeroen Zoet","30",0,0,0,0,0,0,0,"GK",18.4,0,29,-11,-0.12,0,0,0,235,75.7,2509,0,0,0,0,0,0,1,0,0,0,0,1,19,40,55,0,"1.89",850000,0,0,0,1
"390","Spezia","Eddie Salcedo","19",0,0,0,1,0,1.6,0.2,"MF",12.5,7,7,-8,-0.2,16,25,0.1,150,69.3,482,5,4,1,16,1,0,49,36.7,5,4,5,0,0,0,0,0,"1.78",3500000,0,0,1,0
"391","Spezia","Ebrima Colley","21",0,0,0,1,0,0.7,1.6,"FW",11.5,8,6,-7,-0.39,12,41.7,0.06,127,68.5,516,6,8,3,14,7,16.7,92,20.7,8,5,2,0,0,0,0,0,"1.8",3200000,1,0,0,0
"392","Spezia","Mehdi Bourabia","29",1,0,0,0,0,0,0,"MF",8.2,6,11,-4,-0.57,1,100,0.04,116,80.2,376,1,0,0,6,5,11.1,60,23.3,12,6,8,1,0,0,0,0,"1.83",9e+05,0,0,1,0
"393","Spezia","Suf Podgoreanu","19",0,1,0,0,0,0,0,"FW",3.3,4,13,-1,1.86,1,0,0.04,50,78,105,1,1,1,2,6,33.3,30,33.3,2,0,4,0,0,0,0,0,"1.93",5e+05,1,0,0,0
"394","Spezia","Luca Vignali","25",0,0,0,0,0,0,0,"DF",2.5,1,0,-4,-1.8,0,0,0,51,82.4,150,0,0,0,1,1,0,11,18.2,0,1,2,0,0,0,0,0,"1.86",1300000,0,1,0,0
"395","Spezia","Aurélien Nguiamba","22",0,0,0,1,0,0,0,"MF",1.5,3,17,-1,1.55,0,0,0,34,79.4,212,0,0,0,3,4,66.7,34,11.8,1,1,1,0,0,0,0,0,"1.79",4e+05,0,0,1,0
"396","Spezia","Aimar Sher","18",0,0,0,0,0,0,0,"MF",1.3,1,16,-1,1.19,0,0,0,19,94.7,100,0,1,0,3,2,0,13,69.2,2,1,2,0,0,0,0,0,"1.75",1e+06,0,0,1,0
"397","Spezia","Nicolò Bertola","18",0,0,0,0,0,0,0,"MF",1,2,28,-1,3.1,1,100,0.01,14,64.3,53,0,0,0,0,3,100,11,36.4,0,5,0,0,0,0,0,0,"1.92",3e+05,0,0,1,0
"398","Spezia","Petar Zovko","19",0,0,0,1,0,0,0,"GK",0.8,1,36,-1,3.88,0,0,0,10,70,79,0,0,0,0,0,0,0,0,0,0,0,0,0,0,0,0,"1.92",1e+05,0,0,0,1
"399","Salernitana","Lassana Coulibaly","25",0,0,0,3,0,0.9,0.3,"MF",68.2,2,0,-35,-0.03,22,31.8,0.04,856,81.8,3278,10,11,1,63,61,37.3,557,26.4,51,41,32,0,0,0,0,0,"1.83",3e+06,0,0,1,0
"400","Salernitana","Luca Ranieri","22",1,0,0,9,0,0.6,0.7,"DF",61.5,2,2,-27,0,9,44.4,0.07,981,70.7,6393,10,20,12,85,41,50,214,29.9,43,42,60,0,0,0,0,0,"1.87",2500000,0,1,0,0
"401","Salernitana","Vid Belec","31",0,0,0,1,0,0,0,"GK",56.7,2,15,-34,-0.42,0,0,0,579,62.7,10170,0,1,0,0,0,0,2,0,0,0,0,0,49,129,64.3,1,"1.92",5e+05,0,0,0,1
"402","Salernitana","Federico Bonazzoli","24",10,0,2,6,0,7.4,0.8,"FW",54.6,13,1,-25,-0.15,56,35.7,0.11,554,74.9,1306,9,12,1,39,25,33.3,306,21.2,21,8,6,0,0,0,0,0,"1.82",5e+06,1,0,0,0
"403","Salernitana","Federico Fazio","34",1,0,0,3,1,1.2,0.2,"DF",41.9,0,0,-8,0.68,16,18.8,0.07,625,82.9,3730,6,5,1,41,15,63.6,159,27,30,46,79,0,0,0,0,0,"1.95",6e+05,0,1,0,0
"404","Salernitana","Franck Ribéry","38",0,2,0,3,1,1.1,2.9,"MF",41.5,7,0,-16,0.26,13,15.4,0.08,665,77.7,2251,33,23,2,61,17,28.6,264,29.2,17,13,3,0,0,0,0,0,"1.7",1e+06,0,0,1,0
"405","Salernitana","Luigi Sepe","30",0,0,0,2,0,0,0,"GK",40.7,0,0,-6,0.62,0,0,0,565,68,11441,0,1,0,0,0,0,1,100,0,0,0,0,24,75,72,1,"1.85",1400000,0,0,0,1
"406","Salernitana","Grigoris Kastanos","23",1,1,0,4,1,1.5,1.6,"MF",39.4,11,6,-16,0.24,28,28.6,0.05,597,72.4,2813,28,18,2,62,32,19,273,27.5,24,33,11,0,0,0,0,0,"1.79",1500000,0,0,1,0
"407","Salernitana","Pasquale Mazzocchi","26",0,2,0,2,0,0.2,1.6,"DF",37.1,0,0,-7,0.54,6,33.3,0.03,566,71.7,3241,17,17,9,34,21,26.9,187,36.9,15,24,33,0,0,0,0,0,"1.83",1500000,0,1,0,0
"408","Salernitana","Francesco Di Tacchio","31",0,0,0,3,0,0.4,0.1,"MF",36.7,4,14,-25,-0.81,14,7.1,0.03,536,80.8,2557,3,8,0,50,18,34.6,197,27.9,25,36,23,0,0,0,0,0,"1.86",4e+05,0,0,1,0
"409","Salernitana","Nadir Zortea","22",1,2,0,3,0,0.6,2.1,"DF",41.2,16,6,-15,0.5,16,25,0.04,487,65.5,3212,18,25,18,37,27,40,191,28.8,24,24,28,0,0,0,0,0,"1.75",1400000,0,1,0,0
"410","Salernitana","Éderson","22",2,1,0,5,0,1.7,0.9,"MF",33.5,2,1,-2,0.93,22,36.4,0.08,371,81.7,1175,9,6,0,27,39,50,247,28.7,13,24,17,0,0,0,0,0,"1.83",1.3e+07,0,0,1,0
"411","Salernitana","Joel Obi","30",0,1,0,4,0,1.7,1.7,"MF",33.4,9,11,-18,-0.46,10,20,0.17,377,78.2,1192,14,3,2,16,27,22.2,278,25.5,19,19,8,0,0,0,0,0,"1.78",5e+05,0,0,1,0
"412","Salernitana","Riccardo Gagliolo","31",0,1,0,2,0,0.8,0,"DF",33.3,5,15,-15,-0.17,8,12.5,0.1,491,78.2,3487,1,2,0,38,28,45.8,137,32.1,20,40,58,0,0,0,0,0,"1.8",8e+05,0,1,0,0
"413","Salernitana","Stefan Strandberg","31",0,0,0,2,1,0.4,0.3,"DF",27.3,0,0,-11,0.27,9,22.2,0.04,511,84.5,4737,3,3,1,40,13,40,87,32.2,21,14,62,0,0,0,0,0,"1.89",5e+05,0,1,0,0
"414","Salernitana","Wajdi Kechrida","25",0,1,0,0,0,0.3,1,"DF",27.8,7,7,-21,-0.47,6,16.7,0.04,343,72.6,2090,13,14,8,38,16,50,131,27.5,19,8,14,0,0,0,0,0,"1.84",8e+05,0,1,0,0
"415","Salernitana","Cedric Gondo","24",1,0,0,1,0,1.4,0.6,"FW",20.4,4,0,-14,0.07,20,45,0.07,174,74.7,349,13,5,2,9,4,100,119,21.8,4,5,2,0,0,0,0,0,"1.87",7e+05,1,0,0,0
"416","Salernitana","Mamadou Coulibaly","22",2,0,0,1,0,1.2,0.2,"MF",23.6,3,1,-10,0.77,10,40,0.12,333,76.3,1284,5,2,1,27,19,33.3,188,18.6,23,21,11,0,0,0,0,0,"1.83",2500000,0,0,1,0
"417","Salernitana","Emil Bohinen","22",0,1,0,5,0,0.1,0.5,"MF",20.4,3,5,1,0.67,3,100,0.04,296,81.1,1047,11,1,0,13,15,27.8,148,27.7,18,19,17,0,0,0,0,0,"1.89",4e+06,0,0,1,0
"418","Salernitana","Matteo Ruggeri","19",0,0,0,1,0,0.2,0.3,"DF",19.8,6,0,-8,0.41,3,0,0.07,303,68.6,1752,4,7,6,19,9,54.5,66,28.8,14,13,20,0,0,0,0,0,"1.87",2e+06,0,1,0,0
"419","Salernitana","Andrea Schiavone","28",1,0,0,1,0,0.3,0.6,"MF",16.7,9,7,-16,-1.08,2,50,0.13,243,83.5,1404,10,4,0,17,12,32,136,20.6,16,12,14,0,0,0,0,0,"1.76",4e+05,0,0,1,0
"420","Salernitana","Luka Bogdan","25",0,0,0,0,0,0,0,"DF",11.7,2,8,-16,-1.97,2,0,0.02,123,71.5,767,1,0,0,5,6,33.3,36,22.2,5,15,19,0,0,0,0,0,"1.95",850000,0,1,0,0
"421","Salernitana","Filippo Delli Carri","22",0,0,0,1,0,0.1,0.1,"DF",9.8,2,14,-14,-1.92,4,50,0.04,120,71.7,772,1,1,1,4,11,50,66,13.6,10,7,13,0,0,0,0,0,"1.91",350000,0,1,0,0
"422","Salernitana","Leonardo Capezzi","26",0,0,0,0,0,0,0,"MF",5.1,3,8,-3,0.26,0,0,0,48,85.4,210,0,1,0,3,4,16.7,75,21.3,9,1,3,0,0,0,0,0,"1.78",6e+05,0,0,1,0
"423","Salernitana","Lys Mousset","25",0,1,0,2,0,0.1,0.2,"FW",4.7,4,1,-2,-0.91,2,50,0.05,48,81.3,156,3,3,1,4,0,0,50,18,1,1,0,0,0,0,0,0,"1.84",6e+06,1,0,0,0
"424","Salernitana","Ramzi Aya","30",0,0,0,1,0,0,0,"DF",3.9,0,4,-8,-1.66,1,0,0.04,28,64.3,153,0,0,0,3,1,100,6,16.7,0,2,1,0,0,0,0,0,"1.84",250000,0,1,0,0
"425","Salernitana","Diego Perotti","33",0,0,0,1,0,1.4,0.3,"FW",8.4,10,4,-3,0.54,9,22.2,0.07,147,75.5,510,5,5,3,12,13,35.7,97,21.6,4,4,3,0,0,0,0,0,"1.79",5e+05,1,0,0,0
"426","Salernitana","Edoardo Vergani","20",0,0,0,0,0,0,0,"FW",3,5,13,-2,-3.4,0,0,0,24,58.3,47,0,0,0,1,3,0,31,25.8,4,0,1,0,0,0,0,0,"1.86",6e+05,1,0,0,0
"427","Salernitana","Vincenzo Fiorillo","31",0,0,0,0,0,0,0,"GK",2.6,0,19,-5,-1.76,0,0,0,31,74.2,675,0,0,0,0,0,0,0,0,0,0,0,0,5,8,37.5,0,"1.9",3e+05,0,0,0,1
"428","Salernitana","Andrei Motoc","19",0,0,0,0,0,0,0,"DF",2.6,0,2,-3,-0.53,1,0,0.01,22,81.8,182,0,0,0,0,2,100,9,22.2,3,3,2,0,0,0,0,0,"1.95",1e+05,0,1,0,0
"429","Salernitana","Mikael","22",0,0,0,0,0,0.2,0,"FW",2.5,7,9,1,1.76,3,0,0.06,17,64.7,25,0,0,0,0,1,0,16,18.8,0,0,1,0,0,0,0,0,"1.84",2e+06,1,0,0,0
"430","Salernitana","Alessandro Russo","17",0,0,0,0,0,0,0,"MF",0.8,1,2,0,-1.25,0,0,0,6,66.7,12,0,0,0,0,0,0,8,0,0,0,2,0,0,0,0,0,"0",1e+05,0,0,1,0
"431","Salernitana","Mario Perrone","18",0,0,0,0,0,0,0,"DF",0.4,1,2,0,0.27,0,0,0,9,77.8,42,0,0,0,0,0,0,2,0,0,0,1,0,0,0,0,0,"0",75000,0,1,0,0
"432","Salernitana","Julian Kristoffersen","24",0,0,0,0,0,0,0,"FW",0.2,1,1,0,0.98,1,0,0.05,2,50,5,0,0,0,0,0,0,1,0,0,0,0,0,0,0,0,0,"1.98",2e+05,1,0,0,0
"433","Cagliari","João Pedro","29",13,4,3,9,0,12.9,3.1,"FW",97.2,0,0,-35,-0.44,87,37.9,0.11,736,71.1,1691,27,23,3,54,22,33.3,482,24.3,23,13,23,0,0,0,0,0,"1.84",1.2e+07,1,0,0,0
"434","Cagliari","Alessio Cragno","27",0,0,0,3,0,0,0,"GK",92.1,0,0,-31,0.83,0,0,0,1214,62.2,20921,0,0,0,0,1,100,5,40,0,0,1,2,63,167,65.9,2,"1.84",1e+07,0,0,0,1
"435","Cagliari","Alessandro Deiola","25",4,1,0,5,0,2.3,1.3,"MF",62.3,5,3,-26,-0.54,26,42.3,0.09,771,77.8,2620,13,13,2,59,43,24,418,25.4,41,37,37,0,0,0,0,0,"1.9",2e+06,0,0,1,0
"436","Cagliari","Raoul Bellanova","21",1,2,0,3,0,1.8,3.8,"DF",73,4,4,-27,0.01,23,21.7,0.08,940,72.1,3230,32,28,19,49,36,25.7,281,26.7,56,44,40,0,0,0,0,0,"1.88",7e+06,0,1,0,0
"437","Cagliari","Alberto Grassi","26",0,1,0,6,1,1.1,1.4,"MF",63.6,4,6,-15,0.51,25,8,0.04,1052,82.1,3313,13,6,1,62,48,33.3,308,30.2,38,77,36,0,0,0,0,0,"1.83",2500000,0,0,1,0
"438","Cagliari","Andrea Carboni","20",0,0,0,6,0,0.6,0.2,"DF",64.8,5,7,-17,0.41,10,0,0.06,1076,75.4,5757,4,13,4,81,47,35.9,359,31.2,45,55,97,1,0,0,0,0,"1.87",5e+06,0,1,0,0
"439","Cagliari","Giorgio Altare","22",1,0,0,5,0,1.3,0.5,"DF",42.9,2,18,-9,0.32,18,33.3,0.08,818,68.8,5508,8,9,4,57,42,57.7,166,38,26,44,75,0,0,0,0,0,"1.9",2e+06,0,1,0,0
"440","Cagliari","Nahitan Nández","25",0,2,0,4,0,0.9,1.7,"MF",44.5,5,0,-16,-0.1,20,10,0.04,650,70.6,2461,20,27,11,58,39,51.4,328,29.3,19,12,15,0,0,0,0,0,"1.72",1.3e+07,0,0,1,0
"441","Cagliari","Luca Ceppitelli","31",1,1,0,3,0,0.6,0,"DF",42.3,8,6,-17,0.02,7,14.3,0.08,800,83.8,4286,1,5,0,40,20,47.4,147,34,32,36,55,0,0,0,0,0,"1.86",8e+05,0,1,0,0
"442","Cagliari","Leonardo Pavoletti","32",5,1,0,9,0,6.3,1,"FW",44.4,19,2,-16,0.25,36,30.6,0.17,508,65.9,730,13,7,0,25,15,33.3,192,30.2,18,7,13,0,0,0,0,0,"1.88",1600000,1,0,0,0
"443","Cagliari","Keita Baldé","26",3,1,0,2,0,3.2,1.1,"FW",35.9,12,3,-9,0.12,26,34.6,0.12,269,74,429,10,4,0,11,9,33.3,215,22.8,10,6,6,0,0,0,0,0,"1.81",3e+06,1,0,0,0
"444","Cagliari","Gabriele Zappa","21",0,0,0,4,1,0.5,1.3,"DF",33.5,14,11,-15,-0.65,6,33.3,0.09,619,75.3,3810,8,7,6,33,22,27.3,235,25.5,26,23,16,0,0,0,0,0,"1.87",3800000,0,1,0,0
"445","Cagliari","Gastón Pereiro","26",4,2,0,1,0,1.4,1.6,"FW",28.5,20,9,-7,0.03,21,42.9,0.07,367,63.5,1153,18,13,5,25,9,21.1,251,26.3,13,3,4,0,0,0,0,0,"1.88",3e+06,1,0,0,0
"446","Cagliari","Martín Cáceres","34",1,1,0,3,1,0.3,0.4,"DF",24.3,5,0,-9,-0.18,7,14.3,0.04,458,69.4,2499,5,4,1,26,18,41.7,85,29.4,21,22,18,0,0,0,0,0,"1.8",9e+05,0,1,0,0
"447","Cagliari","Diego Godín","35",0,1,0,3,0,0.5,0.4,"DF",23.9,2,0,-16,-0.52,7,0,0.07,434,90.6,2728,3,0,0,12,20,53.3,114,36.8,13,17,47,0,0,0,0,0,"1.87",1e+06,0,1,0,0
"448","Cagliari","Kevin Strootman","31",0,0,0,4,0,0,0.2,"MF",18.7,3,6,-5,0.1,1,0,0.02,358,81.8,1529,3,1,1,28,11,40,124,24.2,14,15,19,0,0,0,0,0,"1.86",1500000,0,0,1,0
"449","Cagliari","Sebastian Walukiewicz","21",0,0,0,1,0,0.3,0,"DF",8.8,3,7,-5,0.25,1,0,0.31,179,89.9,1042,1,2,0,8,8,75,56,39.3,6,9,11,0,0,0,0,0,"1.88",5e+06,0,1,0,0
"450","Cagliari","Adam Obert","18",0,0,0,0,0,0,0,"DF",8,3,17,0,-0.08,0,0,0,106,66,468,0,1,1,2,9,100,51,33.3,6,5,9,0,0,0,0,0,"1.88",9e+05,0,1,0,0
"451","Cagliari","Boris Radunović","25",0,0,0,0,1,0,0,"GK",7.9,0,33,-4,-0.83,0,0,0,103,56.3,1581,0,0,0,0,0,0,0,0,0,0,0,0,5,15,73.3,1,"1.94",4e+05,0,0,0,1
"452","Cagliari","Marko Rog","26",0,1,0,0,0,0.2,0.2,"MF",9.1,6,0,-3,0.11,7,14.3,0.03,147,83,408,5,1,0,6,5,16.7,65,30.8,2,2,4,0,0,0,0,0,"1.8",6e+06,0,0,1,0
"453","Cagliari","Diego Farias","31",0,0,0,0,0,0,0,"MF",1.9,4,5,-3,-0.16,1,0,0.04,35,82.9,59,0,1,0,1,1,33.3,14,35.7,0,0,0,0,0,0,0,0,"1.72",1e+06,0,0,1,0
"454","Cagliari","Christian Oliva","25",0,0,0,0,0,0,0,"MF",1.4,4,14,-1,0.85,0,0,0,32,84.4,88,0,0,0,3,2,33.3,13,38.5,1,0,0,0,0,0,0,0,"1.78",1500000,0,0,1,0
"455","Cagliari","Christos Kourfalidis","18",0,0,0,0,0,0.2,0,"MF",0.5,2,4,-1,1.69,1,100,0.21,12,66.7,15,0,0,0,0,0,0,7,42.9,1,0,0,0,0,0,0,0,"1.78",7e+05,0,0,1,0
"456","Cagliari","Paolo Faragò","28",0,0,0,0,0,0.5,0,"MF",0.5,1,2,0,5.85,2,50,0.27,8,87.5,10,0,0,0,0,2,0,5,60,3,0,0,0,0,0,0,0,"1.87",1e+06,0,0,1,0
"457","Cagliari","Luca Gagliano","21",0,0,0,0,0,0,0,"MF",0.4,2,6,0,0.49,0,0,0,5,80,0,0,0,0,0,0,0,2,0,1,0,0,0,0,0,0,0,"1.82",250000,0,0,1,0
"458","Cagliari","Damir Ceter","23",0,0,0,0,0,0,0,"FW",0.2,1,10,0,-1.7,0,0,0,2,50,0,0,0,0,0,0,0,0,0,0,0,0,0,0,0,0,0,"1.87",6e+05,1,0,0,0
"459","Genoa","Salvatore Sirigu","34",0,0,0,0,0,0,0,"GK",97.4,0,1,-32,-0.37,0,0,0,1204,64.9,17522,0,0,0,0,0,0,2,0,1,0,0,1,59,175,68.6,10,"1.92",1500000,0,0,0,1
"460","Genoa","Milan Badelj","32",1,0,0,4,0,1.2,2.3,"MF",83.2,0,1,-27,0.3,22,22.7,0.05,1601,78.8,7800,27,19,2,161,66,41.8,498,32.5,51,119,43,1,0,0,0,0,"1.86",1e+06,0,0,1,0
"461","Genoa","Johan Vásquez","22",1,0,0,7,0,0.9,0.1,"DF",66.6,1,7,-17,-0.15,14,21.4,0.06,1163,72,6515,4,4,1,59,80,54,379,36.9,54,68,97,1,0,0,0,0,"1.84",4e+06,0,1,0,0
"462","Genoa","Stefano Sturaro","28",0,0,0,12,0,0.5,0.5,"MF",51.6,1,0,-17,-0.11,9,0,0.05,594,63.8,2309,7,13,5,50,53,48.7,426,31.2,38,22,33,0,0,0,0,0,"1.81",3e+06,0,0,1,0
"463","Genoa","Andrea Cambiaso","21",1,4,0,5,1,0.7,1.8,"DF",52.3,5,3,-18,-0.1,13,38.5,0.06,909,78,3933,18,18,8,52,44,47.2,341,25.8,54,36,25,1,0,0,0,0,"1.83",5e+06,0,1,0,0
"464","Genoa","Mattia Destro","30",9,1,0,4,0,7.7,1,"FW",51,6,3,-13,-0.03,55,38.2,0.14,347,60.5,726,10,5,1,25,14,60,268,29.9,18,6,16,0,0,0,0,0,"1.82",3e+06,1,0,0,0
"465","Genoa","Caleb Ekuban","27",1,2,0,2,0,3.8,2.4,"FW",50.2,12,2,-16,-0.15,39,17.9,0.1,434,69.6,900,16,10,1,27,25,31.6,317,33.8,35,9,9,0,0,0,0,0,"1.82",1800000,1,0,0,0
"466","Genoa","Domenico Criscito","34",6,1,6,4,0,5.6,0.8,"DF",47.3,2,3,-13,0.26,17,0,0.02,1005,78.7,6077,7,14,6,79,36,60,197,36,39,42,59,0,0,0,0,0,"1.83",6e+05,0,1,0,0
"467","Genoa","Manolo Portanova","21",1,0,0,4,0,2.9,0.8,"FW",38.7,7,10,-10,0.02,29,41.4,0.1,339,56.9,1044,10,4,0,22,55,55.9,364,25.3,31,21,17,0,0,0,0,0,"1.83",2500000,1,0,0,0
"468","Genoa","Nicolò Rovella","19",0,3,0,5,0,0.9,2.4,"MF",42.9,5,4,-12,0.35,17,23.5,0.05,957,79.6,3943,32,10,1,54,50,31.6,384,29.7,27,33,21,1,0,0,0,0,"1.79",1e+07,0,0,1,0
"469","Genoa","Silvan Hefti","23",0,0,0,1,0,0.2,0.9,"DF",37.7,2,2,-13,0.19,5,20,0.04,556,73.4,3059,12,16,7,47,60,53.1,330,32.7,28,36,26,0,0,0,0,0,"1.82",5e+06,0,1,0,0
"470","Genoa","Mattia Bani","27",0,0,0,1,0,1.2,0,"DF",35.4,4,7,-8,-0.06,9,0,0.13,459,73.4,2791,1,0,0,30,24,70.6,147,32,24,37,80,0,0,0,0,0,"1.88",1800000,0,1,0,0
"471","Genoa","Zinho Vanheusden","22",0,0,0,3,0,0.2,0.1,"DF",28.9,3,4,-17,-0.22,6,33.3,0.03,415,80,2067,1,0,0,20,19,61.5,112,32.1,29,23,42,0,0,0,0,0,"1.87",8e+06,0,1,0,0
"472","Genoa","Davide Biraschi","27",0,0,0,4,0,0.1,0.3,"DF",27.2,3,4,-13,-0.76,3,0,0.02,432,73.4,2589,3,6,3,30,34,55.2,167,40.1,25,14,34,0,0,0,0,0,"1.82",2e+06,0,1,0,0
"473","Genoa","Filippo Melegoni","22",1,0,0,1,0,0.6,1.5,"FW",28.7,15,9,-11,0.05,13,53.8,0.05,354,69.5,1310,16,13,5,33,19,17.6,261,32.6,21,8,6,0,0,0,0,0,"1.86",2e+06,1,0,0,0
"474","Genoa","Kelvin Yeboah","21",0,1,0,2,0,1.4,1.3,"FW",24.9,8,0,-6,0.47,16,25,0.08,186,65.1,448,11,4,2,8,11,46.2,227,28.2,25,1,5,0,0,0,0,0,"1.85",5e+06,1,0,0,0
"475","Genoa","Nadiem Amiri","24",0,1,0,0,0,1.1,1.6,"MF",20,4,0,-6,0.07,16,37.5,0.07,307,73.9,1045,21,7,1,26,11,30,155,27.7,7,5,0,0,0,0,0,0,"1.8",8e+06,0,0,1,0
"476","Genoa","Goran Pandev","38",0,1,0,1,0,0.6,1.3,"FW",24.6,13,3,-8,-0.08,7,57.1,0.09,249,73.5,722,9,6,0,20,4,0,105,34.3,6,5,0,0,0,0,0,0,"1.84",4e+05,1,0,0,0
"477","Genoa","Hernani","27",0,0,0,0,0,0.6,0.3,"MF",19.9,11,10,-16,-0.72,10,40,0.06,247,72.1,666,2,3,1,14,21,40,195,25.1,21,10,4,0,0,0,0,0,"1.88",3e+06,0,0,1,0
"478","Genoa","Morten Frendrup","20",0,0,0,1,0,0.5,0.7,"DF",20.3,4,5,-5,0.34,4,50,0.13,357,70.3,1846,4,4,1,31,32,45.8,196,35.2,24,17,11,0,0,0,0,0,"1.78",3700000,0,1,0,0
"479","Genoa","Paolo Ghiglione","24",0,1,0,3,0,0.8,0.4,"DF",17.6,7,18,-9,-0.29,8,50,0.1,339,63.4,1914,7,9,5,22,15,56.3,81,27.2,27,13,14,0,0,0,0,0,"1.91",2e+06,0,1,0,0
"480","Genoa","Mohamed Fares","25",2,1,0,2,0,1.1,0.5,"DF",17.2,3,0,-2,0.36,13,23.1,0.08,258,69,1352,5,11,6,25,10,42.9,83,30.1,11,16,5,0,0,0,0,0,"1.83",4e+06,0,1,0,0
"481","Genoa","Andrea Masiello","35",0,0,0,3,0,0,0,"DF",15.1,1,25,-7,-0.27,2,0,0.02,309,87.1,1911,1,0,0,14,8,50,43,32.6,11,12,21,0,0,0,0,0,"1.84",4e+05,0,1,0,0
"482","Genoa","Abdoulaye Touré","27",0,0,0,1,0,0.2,0,"MF",12.6,2,10,-5,-0.54,4,0,0.04,173,79.2,378,0,0,0,8,8,45.5,98,22.4,11,10,11,0,0,0,0,0,"1.88",2500000,0,0,1,0
"483","Genoa","Yayah Kallon","20",0,1,0,3,0,1.1,1,"FW",18.6,10,6,-2,0.63,11,9.1,0.1,181,65.7,365,9,4,1,9,13,27.3,141,29.8,12,8,2,0,0,0,0,0,"1.75",1500000,1,0,0,0
"484","Genoa","Stefano Sabelli","28",0,0,0,3,0,0.2,0.1,"DF",10.2,2,10,-6,-0.79,2,50,0.11,151,63.6,728,2,3,0,17,7,15.4,65,27.7,9,13,8,0,0,0,0,0,"1.76",1500000,0,1,0,0
"485","Genoa","Valon Behrami","36",0,0,0,3,0,0.1,0.1,"MF",9.1,8,5,1,0.05,1,0,0.07,70,72.9,243,1,0,0,4,6,20,75,34.7,4,5,5,1,0,0,0,0,"1.84",3e+05,0,0,1,0
"486","Genoa","Aleksander Buksa","18",0,0,0,0,0,0,0,"FW",1.8,4,6,-1,0.6,0,0,0,15,40,33,0,1,0,3,0,0,18,11.1,0,0,1,0,0,0,0,0,"1.89",1200000,1,0,0,0
"487","Genoa","Laurens Serpe","20",0,0,0,0,0,0,0,"DF",1.3,1,5,-2,-0.67,0,0,0,32,84.4,100,0,0,0,2,1,100,8,25,0,0,1,0,0,0,0,0,"1.93",175000,0,1,0,0
"488","Genoa","Andrea Favilli","24",0,0,0,0,0,0,0,"FW",1.1,1,1,-2,-0.72,0,0,0,6,83.3,0,0,0,0,0,0,0,3,33.3,0,0,2,0,0,0,0,0,"1.91",1500000,1,0,0,0
"489","Genoa","Francesco Cassata","24",0,0,0,0,0,0,0,"MF",0.2,1,1,0,0.36,0,0,0,1,100,4,0,0,0,0,0,0,2,50,0,1,0,0,0,0,0,0,"1.83",9e+05,0,0,1,0
"490","Venezia","Pietro Ceccaroni","25",2,1,0,7,1,2.1,0.3,"DF",91.3,0,1,-32,0.18,19,31.6,0.11,1703,83.1,11044,6,6,4,75,53,65.2,341,31.1,69,67,157,2,0,0,0,0,"1.88",2400000,0,1,0,0
"491","Venezia","Mattia Caldara","27",1,0,0,9,0,1.7,0,"DF",79.1,1,5,-25,-0.17,16,43.8,0.1,1153,81.4,7144,1,2,0,50,59,46.3,332,35.2,77,79,155,1,0,0,0,0,"1.87",3500000,0,1,0,0
"492","Venezia","Ethan Ampadu","20",0,3,0,13,2,0.3,1.4,"MF",66.7,3,0,-24,-0.21,7,14.3,0.05,1154,75,6607,14,13,5,95,76,44.4,429,28.9,61,55,76,0,0,0,0,0,"1.83",1.3e+07,0,0,1,0
"493","Venezia","Mattia Aramu","26",7,5,3,6,0,6.9,4.4,"MF",61.4,7,0,-15,0.91,57,28.1,0.07,804,65.8,3370,37,33,15,64,21,21.4,463,24.6,29,14,21,0,0,0,0,0,"1.8",4e+06,0,0,1,0
"494","Venezia","Ridgeciano Haps","28",1,1,0,6,0,0.4,0.4,"DF",60.1,1,3,-23,-0.63,11,18.2,0.03,871,75.8,5206,13,10,5,48,38,40.9,249,28.5,54,50,51,1,0,0,0,0,"1.75",1800000,0,1,0,0
"495","Venezia","David Okereke","23",7,0,0,5,1,4.8,1.1,"FW",60,8,0,-21,-0.35,40,45,0.12,473,70.6,1126,14,18,4,23,21,35,401,20.7,29,14,22,0,0,0,0,0,"1.81",4500000,1,0,0,0
"496","Venezia","Thomas Henry","26",9,2,0,6,1,7.2,3.5,"FW",61.8,10,0,-23,-0.11,50,46,0.15,455,61.8,736,21,9,2,20,7,40,238,29.4,12,3,26,1,0,0,0,0,"1.91",5e+06,1,0,0,0
"497","Venezia","Gianluca Busio","19",1,1,0,8,0,1,1.7,"MF",57,6,5,-22,0.02,14,35.7,0.07,904,82.9,3496,18,12,2,54,60,43.5,517,27.1,61,37,36,0,0,0,0,0,"1.7",8500000,0,0,1,0
"498","Venezia","Dennis Johnsen","23",1,2,0,2,0,1.7,2.7,"FW",42.3,9,3,-14,0.25,14,35.7,0.12,323,60.4,1137,24,18,7,29,14,22.7,249,20.5,16,9,9,0,0,0,0,0,"1.85",1400000,1,0,0,0
"499","Venezia","Niki Mäenpää","36",0,1,0,1,0,0,0.3,"GK",43.4,1,13,-14,-0.05,0,0,0,521,66.8,5913,1,0,0,0,0,0,1,0,0,0,1,3,27,78,71.8,1,"1.91",2e+05,0,0,0,1
"500","Venezia","Sergio Romero","34",0,0,0,2,0,0,0.2,"GK",42.1,0,1,-17,0.11,0,0,0,590,71.4,8067,1,0,0,1,0,0,5,20,0,0,0,0,33,99,72.7,3,"1.92",7e+05,0,0,0,1
"501","Venezia","Sofian Kiyine","23",1,0,0,8,1,1.6,2.3,"MF",36.2,12,4,-11,0.1,20,25,0.04,533,74.3,2727,19,23,0,58,30,43.2,352,25.6,21,16,10,0,0,0,0,0,"1.82",2100000,0,0,1,0
"502","Venezia","Michael Svoboda","22",0,0,0,2,1,0.9,0.1,"DF",36.1,5,17,-15,-0.08,8,0,0.12,613,84.2,4329,1,2,1,41,33,44,186,32.3,28,24,65,2,0,0,0,0,"1.95",9e+05,0,1,0,0
"503","Venezia","Tyronne Ebuehi","25",0,0,0,1,1,0.5,0.5,"DF",33.3,7,4,-11,0.66,8,12.5,0.06,508,78.1,2510,6,10,5,28,24,50,178,25.8,29,23,29,0,0,0,0,0,"1.87",1400000,0,1,0,0
"504","Venezia","Tanner Tessmann","19",0,0,0,1,1,0.8,0.2,"MF",19.9,14,17,-9,-0.44,8,37.5,0.1,222,74.8,978,4,1,0,18,9,27.3,166,23.5,22,17,24,0,0,0,0,0,"1.88",2500000,0,0,1,0
"505","Venezia","Cristian Molinaro","38",0,1,0,0,0,0,0.4,"DF",16,2,16,-7,0.27,0,0,0,323,76.2,2388,5,5,3,25,13,71.4,63,27,13,9,23,0,0,0,0,0,"1.82",250000,0,1,0,0
"506","Venezia","Luca Lezzerini","26",0,0,0,2,0,0,0,"GK",14.5,0,7,-4,-0.12,0,0,0,197,78.7,2405,1,0,0,0,0,0,0,0,1,0,0,0,9,39,76.9,0,"1.95",5e+05,0,0,0,1
"507","Venezia","Luca Fiordilino","25",0,0,0,2,0,0.2,0.3,"MF",19.3,10,9,-9,-0.81,3,33.3,0.05,295,85.1,958,5,4,3,16,25,54.5,168,26.8,16,14,10,0,0,0,0,0,"1.77",1e+06,0,0,1,0
"508","Venezia","Dor Peretz","26",0,1,0,2,0,0.7,0.3,"MF",17.1,14,16,-7,-0.59,5,0,0.15,236,77.1,825,5,0,0,14,23,44,117,30.8,9,5,11,0,0,0,0,0,"1.85",1400000,0,0,1,0
"509","Venezia","Francesco Forte","28",1,0,0,3,0,1,0.1,"FW",12.3,8,8,-6,0.23,11,18.2,0.09,77,71.4,127,3,1,0,5,5,60,78,16.7,4,1,3,0,0,0,0,0,"1.87",1700000,1,0,0,0
"510","Venezia","Marco Modolo","32",0,0,0,2,0,0.1,0,"DF",11.5,2,20,-2,-0.18,1,100,0.1,153,81.7,816,0,0,0,3,3,20,35,28.6,11,6,24,0,0,0,0,0,"1.86",4e+05,0,1,0,0
"511","Venezia","Nani","34",0,1,0,1,0,0.1,0.4,"FW",8.4,7,7,-4,0.19,3,0,0.02,128,72.7,405,6,2,0,11,3,33.3,42,14.3,1,7,1,0,0,0,0,0,"1.77",7e+05,1,0,0,0
"512","Venezia","Daan Heymans","22",0,1,0,4,0,0.1,0.3,"MF",7.5,5,12,-5,-0.25,3,33.3,0.04,97,81.4,270,2,2,1,5,4,28.6,44,15.9,8,4,3,0,0,0,0,0,"1.93",1200000,0,0,1,0
"513","Venezia","Maximilian Ullmann","25",0,0,0,0,0,0,0,"DF",7.2,3,10,-3,-1.1,0,0,0,65,69.2,395,0,2,0,7,0,0,26,23.1,8,2,7,0,0,0,0,0,"1.8",2e+06,0,1,0,0
"514","Venezia","David Schnegg","22",0,0,0,1,0,0,0,"DF",4.2,2,10,-1,1.09,0,0,0,85,71.8,604,1,1,0,5,3,50,23,26.1,7,3,6,0,0,0,0,0,"1.85",5e+05,0,1,0,0
"515","Venezia","Jean-Pierre Nsame","28",0,1,0,0,0,0.6,0.6,"FW",7.2,10,4,-2,0.43,6,0,0.1,67,58.2,154,4,2,0,5,1,0,38,42.1,0,0,1,0,0,0,0,0,"1.88",4e+06,1,0,0,0
"516","Venezia","Francesco Di Mariano","25",0,0,0,0,0,0,0.1,"FW",1.8,0,0,-1,-1.88,0,0,0,14,78.6,28,1,1,1,0,1,50,6,16.7,2,0,0,0,0,0,0,0,"1.77",2e+06,1,0,0,0
"517","Venezia","Jacopo Dezi","29",0,0,0,0,0,0,0,"MF",0.5,1,0,0,1.22,1,0,0.04,26,84.6,144,1,3,1,5,0,0,4,0,1,1,0,0,0,0,0,0,"1.78",5e+05,0,0,1,0
"518","Venezia","Nicolas Galazzi","20",0,0,0,0,0,0,0,"DF",0.5,1,0,0,1.22,0,0,0,8,62.5,25,0,0,0,1,1,0,5,20,0,0,0,0,0,0,0,0,"1.82",225000,0,1,0,0
"519","Venezia","Issa Bah","19",0,0,0,0,0,0,0,"FW",0.3,1,1,0,0.58,0,0,0,6,83.3,15,0,0,0,1,0,0,5,20,0,0,0,0,0,0,0,0,"1.81",75000,1,0,0,0
"520","Venezia","Bjarki Bjarkason","21",0,0,0,0,0,0,0,"FW",0.1,1,13,0,0.34,0,0,0,2,50,0,0,0,0,0,0,0,1,0,0,0,0,0,0,0,0,0,"1.8",150000,1,0,0,0
"521","Venezia","Patrick Leal","18",0,0,0,0,0,0,0,"MF",0.1,1,0,0,-4.73,0,0,0,1,0,0,0,0,0,0,0,0,5,20,1,0,1,0,0,0,0,0,"1.8",75000,0,0,1,0
